--
-- PostgreSQL database dump
--

-- Dumped from database version 16.11 (Ubuntu 16.11-0ubuntu0.24.04.1)
-- Dumped by pg_dump version 16.11 (Ubuntu 16.11-0ubuntu0.24.04.1)

SET statement_timeout = 0;
SET lock_timeout = 0;
SET idle_in_transaction_session_timeout = 0;
SET client_encoding = 'UTF8';
SET standard_conforming_strings = on;
SELECT pg_catalog.set_config('search_path', '', false);
SET check_function_bodies = false;
SET xmloption = content;
SET client_min_messages = warning;
SET row_security = off;

--
-- Data for Name: clients; Type: TABLE DATA; Schema: public; Owner: -
--

INSERT INTO public.clients (id, name, type, status, primary_contact, email, phone, retainer_hours, hourly_rate, parent_agency_id, notes, is_deleted, created_at, updated_at) VALUES ('24a86586-cf9c-42ff-82fc-b35ed99f349d', 'Nerd Herd', 'agency_partner', 'active', NULL, NULL, NULL, NULL, NULL, NULL, NULL, false, '2025-12-23 22:29:44.444', '2025-12-23 22:29:44.444');
INSERT INTO public.clients (id, name, type, status, primary_contact, email, phone, retainer_hours, hourly_rate, parent_agency_id, notes, is_deleted, created_at, updated_at) VALUES ('41c1c64b-1ee4-4483-b2ac-d2d43df091df', 'Verified News Network', 'agency_partner', 'active', NULL, NULL, NULL, NULL, NULL, NULL, NULL, false, '2025-12-23 22:29:44.446', '2025-12-23 22:29:44.446');
INSERT INTO public.clients (id, name, type, status, primary_contact, email, phone, retainer_hours, hourly_rate, parent_agency_id, notes, is_deleted, created_at, updated_at) VALUES ('5f23789d-1c3c-4792-b448-c5b8739acbf6', 'VNN', 'agency_partner', 'active', NULL, NULL, NULL, NULL, NULL, NULL, NULL, false, '2025-12-23 22:29:44.447', '2025-12-23 22:29:44.447');
INSERT INTO public.clients (id, name, type, status, primary_contact, email, phone, retainer_hours, hourly_rate, parent_agency_id, notes, is_deleted, created_at, updated_at) VALUES ('0bfe81bd-3874-400d-b5af-e573d7420d49', 'Herba Pumps', 'direct', 'active', 'Austin Kilheeney', 'austin@herbapumps.com', NULL, 0.00, 200.00, NULL, NULL, false, '2025-12-23 22:29:44.458', '2025-12-23 22:29:44.458');
INSERT INTO public.clients (id, name, type, status, primary_contact, email, phone, retainer_hours, hourly_rate, parent_agency_id, notes, is_deleted, created_at, updated_at) VALUES ('6cfb0978-71e4-4a06-851c-3c52cd7d491d', 'Globele', 'direct', 'active', 'Kristilee', 'kristilee@globeleenergy.com', NULL, 1.00, 250.00, NULL, NULL, false, '2025-12-23 22:29:44.464', '2025-12-23 22:29:44.464');
INSERT INTO public.clients (id, name, type, status, primary_contact, email, phone, retainer_hours, hourly_rate, parent_agency_id, notes, is_deleted, created_at, updated_at) VALUES ('62c2405c-b0f7-4690-86c4-3d7b4d53e41c', 'SAPCC', 'direct', 'active', 'Danna Bare', 'danna.bare@sapcc-vt.org', NULL, 3.00, 250.00, NULL, NULL, false, '2025-12-23 22:29:44.468', '2025-12-23 22:29:44.468');
INSERT INTO public.clients (id, name, type, status, primary_contact, email, phone, retainer_hours, hourly_rate, parent_agency_id, notes, is_deleted, created_at, updated_at) VALUES ('8a8f702c-40da-4c80-81c1-ea8e666591a6', 'Dig', 'direct', 'active', 'Jon Haehnal', 'zerobydegrees@gmail.com', NULL, 0.00, 250.00, NULL, NULL, false, '2025-12-23 22:29:44.475', '2025-12-23 22:29:44.475');
INSERT INTO public.clients (id, name, type, status, primary_contact, email, phone, retainer_hours, hourly_rate, parent_agency_id, notes, is_deleted, created_at, updated_at) VALUES ('a16820e9-e4b1-4805-a44d-0853d51c7199', 'Vt Parent Child Center Network', 'direct', 'active', 'Ellen Armstutz', 'ellen@vpccn.org', NULL, 1.00, 250.00, NULL, NULL, false, '2025-12-23 22:29:44.479', '2025-12-23 22:29:44.479');
INSERT INTO public.clients (id, name, type, status, primary_contact, email, phone, retainer_hours, hourly_rate, parent_agency_id, notes, is_deleted, created_at, updated_at) VALUES ('502b191b-9f04-41e1-82e8-719903884e66', 'Long Trail Multi-Sport', 'direct', 'active', 'Joe Cerniglia', 'coachjoe520@gmail.com', NULL, 1.00, 250.00, NULL, NULL, false, '2025-12-23 22:29:44.482', '2025-12-23 22:29:44.482');
INSERT INTO public.clients (id, name, type, status, primary_contact, email, phone, retainer_hours, hourly_rate, parent_agency_id, notes, is_deleted, created_at, updated_at) VALUES ('edcbeb32-af82-431e-b14e-6e3795e04ffa', 'Bootleggers', 'direct', 'active', 'Erick Thibodeau', 'e.thibodeau@bootleggersfootwear.com', NULL, 0.00, 150.00, NULL, NULL, false, '2025-12-23 22:29:44.485', '2025-12-23 22:29:44.485');
INSERT INTO public.clients (id, name, type, status, primary_contact, email, phone, retainer_hours, hourly_rate, parent_agency_id, notes, is_deleted, created_at, updated_at) VALUES ('6ddbeba1-1415-47ba-a960-fb3bae765606', 'Red House Press', 'direct', 'delinquent', 'Dan Patria', 'rhpcorp44@gmail.com', NULL, 1.00, 250.00, NULL, NULL, false, '2025-12-23 22:29:44.488', '2025-12-23 22:29:44.488');
INSERT INTO public.clients (id, name, type, status, primary_contact, email, phone, retainer_hours, hourly_rate, parent_agency_id, notes, is_deleted, created_at, updated_at) VALUES ('041b159c-ab36-4e37-840e-518a723552a2', 'Sup Weekly', 'direct', 'active', 'Bryan Lougherty', 'bryan@clearcutpr.com', NULL, 1.00, 250.00, NULL, NULL, false, '2025-12-23 22:29:44.491', '2025-12-23 22:29:44.491');
INSERT INTO public.clients (id, name, type, status, primary_contact, email, phone, retainer_hours, hourly_rate, parent_agency_id, notes, is_deleted, created_at, updated_at) VALUES ('69150776-142c-426d-9261-8c1aa3f7d9b3', 'VISCC', 'direct', 'active', 'Mark Blanchard', 'mblanchard@viscc.com', NULL, 3.00, 250.00, NULL, NULL, false, '2025-12-23 22:29:44.494', '2025-12-23 22:29:44.494');
INSERT INTO public.clients (id, name, type, status, primary_contact, email, phone, retainer_hours, hourly_rate, parent_agency_id, notes, is_deleted, created_at, updated_at) VALUES ('8caed2ff-d1d0-4592-80c0-d7b2df25d105', 'VT Standard', 'direct', 'active', 'Dan Cotter', 'dcotter@thevermontstandard.com', NULL, 8.00, 100.00, NULL, NULL, false, '2025-12-23 22:29:44.498', '2025-12-23 22:29:44.498');
INSERT INTO public.clients (id, name, type, status, primary_contact, email, phone, retainer_hours, hourly_rate, parent_agency_id, notes, is_deleted, created_at, updated_at) VALUES ('f181f395-5657-4c8f-a2e4-1e3909946b74', 'Fenton & Hennessey', 'direct', 'active', 'Chris', 'fentonandhennessey@comcast.net', NULL, 0.00, 250.00, NULL, NULL, false, '2025-12-23 22:29:44.502', '2025-12-23 22:29:44.502');
INSERT INTO public.clients (id, name, type, status, primary_contact, email, phone, retainer_hours, hourly_rate, parent_agency_id, notes, is_deleted, created_at, updated_at) VALUES ('761ef727-33e1-461a-92b3-bd5fb32b208e', 'Sharing New Hope', 'direct', 'active', 'Adam Southerland', 'adam@sharingnewhope.org', NULL, 1.00, 250.00, NULL, NULL, false, '2025-12-23 22:29:44.506', '2025-12-23 22:29:44.506');
INSERT INTO public.clients (id, name, type, status, primary_contact, email, phone, retainer_hours, hourly_rate, parent_agency_id, notes, is_deleted, created_at, updated_at) VALUES ('ff000dc3-6185-4a5d-b87c-0f7f37ca89dd', 'Mitch’s Maples', 'direct', 'active', 'Mark Mitchell', 'mmcv1943@gmail.com', NULL, 1.00, 150.00, NULL, NULL, false, '2025-12-23 22:29:44.509', '2025-12-23 22:29:44.509');
INSERT INTO public.clients (id, name, type, status, primary_contact, email, phone, retainer_hours, hourly_rate, parent_agency_id, notes, is_deleted, created_at, updated_at) VALUES ('b7de2492-8363-4122-bab7-dc51a7768998', 'PC Solutions', 'direct', 'active', 'Shelley Drew', 'shelleyd@pcsolcorp.com', NULL, 0.00, 150.00, NULL, NULL, false, '2025-12-23 22:29:44.513', '2025-12-23 22:29:44.513');
INSERT INTO public.clients (id, name, type, status, primary_contact, email, phone, retainer_hours, hourly_rate, parent_agency_id, notes, is_deleted, created_at, updated_at) VALUES ('b3bc7f3c-3f76-4117-ac7f-8397ae0b814d', 'Springfield on the Move', 'direct', 'active', 'Jess Martin', 'springfieldonthemove@gmail.com', NULL, 3.00, 150.00, NULL, NULL, false, '2025-12-23 22:29:44.516', '2025-12-23 22:29:44.516');
INSERT INTO public.clients (id, name, type, status, primary_contact, email, phone, retainer_hours, hourly_rate, parent_agency_id, notes, is_deleted, created_at, updated_at) VALUES ('2c1dc4f7-8a90-48c2-ad7e-b02e50eeb374', 'Grace Community Church', 'direct', 'active', 'Theresa Crucetta', 'Theresa.Cruceta@graceoc.com', NULL, 0.00, 150.00, NULL, NULL, false, '2025-12-23 22:29:44.52', '2025-12-23 22:29:44.52');
INSERT INTO public.clients (id, name, type, status, primary_contact, email, phone, retainer_hours, hourly_rate, parent_agency_id, notes, is_deleted, created_at, updated_at) VALUES ('e11cca70-4601-4975-b10a-c91c9b4a6c0f', 'Griffin Construction', 'direct', 'active', 'Jessi Dussault', 'jessi@griffinconstructionnh.com', NULL, 1.00, 150.00, NULL, NULL, false, '2025-12-23 22:29:44.525', '2025-12-23 22:29:44.525');
INSERT INTO public.clients (id, name, type, status, primary_contact, email, phone, retainer_hours, hourly_rate, parent_agency_id, notes, is_deleted, created_at, updated_at) VALUES ('d5ad5f20-cd15-4999-9839-448d31299aff', 'North Star Health', 'direct', 'active', 'Jessica Everlith', 'jeverlith@northstarfqhc.org', NULL, 1.00, 250.00, NULL, NULL, false, '2025-12-23 22:29:44.53', '2025-12-23 22:29:44.53');
INSERT INTO public.clients (id, name, type, status, primary_contact, email, phone, retainer_hours, hourly_rate, parent_agency_id, notes, is_deleted, created_at, updated_at) VALUES ('75ecac1f-f015-4dd2-8836-9bc710fedc56', 'First Congregational Church', 'direct', 'active', 'Diane Holme', NULL, NULL, 1.00, 250.00, NULL, NULL, false, '2025-12-23 22:29:44.535', '2025-12-23 22:29:44.535');
INSERT INTO public.clients (id, name, type, status, primary_contact, email, phone, retainer_hours, hourly_rate, parent_agency_id, notes, is_deleted, created_at, updated_at) VALUES ('788d038f-c95d-46e9-89c7-7632ec165ddc', 'BRIC', 'direct', 'active', NULL, NULL, NULL, 0.00, 0.00, NULL, NULL, false, '2025-12-23 22:29:44.539', '2025-12-23 22:29:44.539');
INSERT INTO public.clients (id, name, type, status, primary_contact, email, phone, retainer_hours, hourly_rate, parent_agency_id, notes, is_deleted, created_at, updated_at) VALUES ('2a2f839a-beba-41b9-a4e2-8035ef8eb2aa', 'Indelible', 'direct', 'active', NULL, NULL, NULL, NULL, NULL, NULL, NULL, false, '2025-12-23 22:29:44.543', '2025-12-23 22:29:44.543');
INSERT INTO public.clients (id, name, type, status, primary_contact, email, phone, retainer_hours, hourly_rate, parent_agency_id, notes, is_deleted, created_at, updated_at) VALUES ('3535a591-b766-46be-bad4-ba27316bffb2', 'Nerd Herd', 'direct', 'active', NULL, NULL, NULL, NULL, NULL, NULL, NULL, false, '2025-12-23 22:29:44.546', '2025-12-23 22:29:44.546');
INSERT INTO public.clients (id, name, type, status, primary_contact, email, phone, retainer_hours, hourly_rate, parent_agency_id, notes, is_deleted, created_at, updated_at) VALUES ('7e9b612f-31c9-4541-a6a8-a0b6556b4c84', 'HB Energy', 'direct', 'active', NULL, NULL, NULL, NULL, 200.00, NULL, NULL, false, '2025-12-23 22:29:44.55', '2025-12-23 22:29:44.55');
INSERT INTO public.clients (id, name, type, status, primary_contact, email, phone, retainer_hours, hourly_rate, parent_agency_id, notes, is_deleted, created_at, updated_at) VALUES ('cdbc6be4-ee67-4196-8957-8233a4843efd', 'Meidl', 'direct', 'active', NULL, NULL, NULL, NULL, NULL, NULL, NULL, false, '2025-12-23 22:29:44.554', '2025-12-23 22:29:44.554');
INSERT INTO public.clients (id, name, type, status, primary_contact, email, phone, retainer_hours, hourly_rate, parent_agency_id, notes, is_deleted, created_at, updated_at) VALUES ('8bad3ec9-166e-42fb-ac01-6ab0c439c8f5', 'Jills Cafe', 'direct', 'active', NULL, NULL, NULL, NULL, NULL, NULL, NULL, false, '2025-12-23 22:29:44.558', '2025-12-23 22:29:44.558');
INSERT INTO public.clients (id, name, type, status, primary_contact, email, phone, retainer_hours, hourly_rate, parent_agency_id, notes, is_deleted, created_at, updated_at) VALUES ('9163d77d-4115-4ae4-b8f3-a45d72a75d7c', 'MN Title Solutions', 'direct', 'active', NULL, NULL, NULL, NULL, NULL, NULL, NULL, false, '2025-12-23 22:29:44.563', '2025-12-23 22:29:44.563');
INSERT INTO public.clients (id, name, type, status, primary_contact, email, phone, retainer_hours, hourly_rate, parent_agency_id, notes, is_deleted, created_at, updated_at) VALUES ('8e015744-e1f1-401d-8ad6-4b5e6525c9ff', 'Griswold Controls', 'direct', 'active', NULL, NULL, NULL, NULL, NULL, NULL, NULL, false, '2025-12-23 22:29:44.567', '2025-12-23 22:29:44.567');
INSERT INTO public.clients (id, name, type, status, primary_contact, email, phone, retainer_hours, hourly_rate, parent_agency_id, notes, is_deleted, created_at, updated_at) VALUES ('18571864-6beb-45b8-8770-31a5a98fad85', 'Something Better Foods', 'direct', 'active', NULL, NULL, NULL, NULL, NULL, NULL, NULL, false, '2025-12-23 22:29:44.571', '2025-12-23 22:29:44.571');
INSERT INTO public.clients (id, name, type, status, primary_contact, email, phone, retainer_hours, hourly_rate, parent_agency_id, notes, is_deleted, created_at, updated_at) VALUES ('eb587e62-f46c-48df-b54b-b21b4bebf4b9', 'Calvary Baptist Church (Springfield)', 'direct', 'active', NULL, NULL, NULL, NULL, NULL, NULL, NULL, false, '2025-12-23 22:29:44.575', '2025-12-23 22:29:44.575');
INSERT INTO public.clients (id, name, type, status, primary_contact, email, phone, retainer_hours, hourly_rate, parent_agency_id, notes, is_deleted, created_at, updated_at) VALUES ('7bbc3adf-98bd-438c-bc90-dac3674c8f62', 'Wild Beauty Foundation', 'direct', 'active', NULL, NULL, NULL, NULL, NULL, NULL, NULL, false, '2025-12-23 22:29:44.579', '2025-12-23 22:29:44.579');
INSERT INTO public.clients (id, name, type, status, primary_contact, email, phone, retainer_hours, hourly_rate, parent_agency_id, notes, is_deleted, created_at, updated_at) VALUES ('523bd88f-d89b-4004-a13e-97ad2ac3cbcf', 'Marcia Stankard', 'direct', 'active', NULL, NULL, NULL, NULL, NULL, NULL, NULL, false, '2025-12-23 22:29:44.584', '2025-12-23 22:29:44.584');
INSERT INTO public.clients (id, name, type, status, primary_contact, email, phone, retainer_hours, hourly_rate, parent_agency_id, notes, is_deleted, created_at, updated_at) VALUES ('faff73ad-b943-42e0-81f3-3a784f05d591', 'Mike Lynn', 'direct', 'active', NULL, NULL, NULL, NULL, NULL, NULL, NULL, false, '2025-12-23 22:29:44.588', '2025-12-23 22:29:44.588');
INSERT INTO public.clients (id, name, type, status, primary_contact, email, phone, retainer_hours, hourly_rate, parent_agency_id, notes, is_deleted, created_at, updated_at) VALUES ('655bd534-32bb-458e-888e-38f5792e0aa6', 'AICCOK', 'direct', 'active', NULL, NULL, NULL, NULL, NULL, NULL, NULL, false, '2025-12-23 22:29:44.593', '2025-12-23 22:29:44.593');
INSERT INTO public.clients (id, name, type, status, primary_contact, email, phone, retainer_hours, hourly_rate, parent_agency_id, notes, is_deleted, created_at, updated_at) VALUES ('08981786-3e3e-4f6e-8592-16f5658769f2', 'VNN', 'direct', 'active', NULL, NULL, NULL, NULL, 100.00, NULL, NULL, false, '2025-12-23 22:29:44.597', '2025-12-23 22:29:44.597');
INSERT INTO public.clients (id, name, type, status, primary_contact, email, phone, retainer_hours, hourly_rate, parent_agency_id, notes, is_deleted, created_at, updated_at) VALUES ('1573dbe2-ffd4-4223-a38a-75784ba8c1d2', 'Thermalnetics', 'direct', 'active', 'Lauren Marten', NULL, NULL, NULL, 100.00, NULL, NULL, false, '2025-12-23 22:29:44.601', '2025-12-23 22:29:44.601');
INSERT INTO public.clients (id, name, type, status, primary_contact, email, phone, retainer_hours, hourly_rate, parent_agency_id, notes, is_deleted, created_at, updated_at) VALUES ('0bcecf7c-1b5c-4074-8c5d-fc17f221b6fc', 'Bethany Bpatist Church', 'direct', 'active', NULL, NULL, NULL, NULL, NULL, NULL, NULL, false, '2025-12-23 22:29:44.605', '2025-12-23 22:29:44.605');
INSERT INTO public.clients (id, name, type, status, primary_contact, email, phone, retainer_hours, hourly_rate, parent_agency_id, notes, is_deleted, created_at, updated_at) VALUES ('a24e2148-bdc3-4970-ba8c-7c02ab1cbc63', 'Clint Plyler', 'direct', 'active', NULL, NULL, NULL, NULL, NULL, NULL, NULL, false, '2025-12-23 22:29:44.609', '2025-12-23 22:29:44.609');
INSERT INTO public.clients (id, name, type, status, primary_contact, email, phone, retainer_hours, hourly_rate, parent_agency_id, notes, is_deleted, created_at, updated_at) VALUES ('a359cf71-430c-4066-a13a-eb9ceeb5fa7a', 'Gene Roberts', 'direct', 'active', 'Gene Roberts', 'robertes2468@yahoo.com', NULL, NULL, NULL, NULL, NULL, false, '2025-12-23 22:29:44.611', '2025-12-23 22:29:44.611');
INSERT INTO public.clients (id, name, type, status, primary_contact, email, phone, retainer_hours, hourly_rate, parent_agency_id, notes, is_deleted, created_at, updated_at) VALUES ('d3399b6a-67ee-4447-999d-66ce11ee6cb0', 'Gallery At The Vault', 'direct', 'active', NULL, NULL, NULL, NULL, NULL, NULL, NULL, false, '2025-12-23 22:29:44.614', '2025-12-23 22:29:44.614');
INSERT INTO public.clients (id, name, type, status, primary_contact, email, phone, retainer_hours, hourly_rate, parent_agency_id, notes, is_deleted, created_at, updated_at) VALUES ('d48b449c-5dda-4330-a683-f86ee5b15b51', 'Jon Haehnel', 'direct', 'active', NULL, NULL, NULL, NULL, NULL, NULL, NULL, false, '2025-12-23 22:29:44.616', '2025-12-23 22:29:44.616');
INSERT INTO public.clients (id, name, type, status, primary_contact, email, phone, retainer_hours, hourly_rate, parent_agency_id, notes, is_deleted, created_at, updated_at) VALUES ('b037ac53-8461-4d94-a0a1-805467b38f46', 'Brockberry', 'direct', 'active', NULL, NULL, NULL, NULL, NULL, NULL, NULL, false, '2025-12-23 22:29:44.618', '2025-12-23 22:29:44.618');
INSERT INTO public.clients (id, name, type, status, primary_contact, email, phone, retainer_hours, hourly_rate, parent_agency_id, notes, is_deleted, created_at, updated_at) VALUES ('b0803120-2860-467f-ad20-e20ac5deb4e6', 'Miguel Calderon', 'direct', 'active', NULL, NULL, NULL, NULL, 150.00, NULL, NULL, false, '2025-12-23 22:29:44.62', '2025-12-23 22:29:44.62');
INSERT INTO public.clients (id, name, type, status, primary_contact, email, phone, retainer_hours, hourly_rate, parent_agency_id, notes, is_deleted, created_at, updated_at) VALUES ('7c67638b-6880-4df4-912e-5ba7c6c98334', 'AM Peisch', 'direct', 'active', NULL, NULL, NULL, NULL, NULL, NULL, NULL, false, '2025-12-23 22:29:44.624', '2025-12-23 22:29:44.624');


--
-- Data for Name: hosting_plans; Type: TABLE DATA; Schema: public; Owner: -
--

INSERT INTO public.hosting_plans (id, name, rate, agency_rate, monthly_cost, vendor_plan, details, is_active, created_at, updated_at) VALUES ('095a967f-0a21-47e5-ac74-1909b6578068', 'Legacy Dedicated 2GB', 100.00, NULL, NULL, NULL, NULL, true, '2025-12-23 22:29:44.39', '2025-12-23 22:29:44.39');
INSERT INTO public.hosting_plans (id, name, rate, agency_rate, monthly_cost, vendor_plan, details, is_active, created_at, updated_at) VALUES ('f7cac12d-f241-4159-ad4e-5057ff83fd6b', 'Legacy Dedicated 4GB', 200.00, NULL, NULL, NULL, NULL, true, '2025-12-23 22:29:44.392', '2025-12-23 22:29:44.392');
INSERT INTO public.hosting_plans (id, name, rate, agency_rate, monthly_cost, vendor_plan, details, is_active, created_at, updated_at) VALUES ('0f85ffb3-9d3c-43eb-b8c2-506bfd32bdf6', 'Legacy Basic', 50.00, NULL, NULL, NULL, NULL, true, '2025-12-23 22:29:44.394', '2025-12-23 22:29:44.394');
INSERT INTO public.hosting_plans (id, name, rate, agency_rate, monthly_cost, vendor_plan, details, is_active, created_at, updated_at) VALUES ('26b21cbc-20b3-4ba5-98fa-a7a8e3c7eec9', 'Legacy Dedicated 8GB', 300.00, NULL, NULL, NULL, NULL, true, '2025-12-23 22:29:44.395', '2025-12-23 22:29:44.395');
INSERT INTO public.hosting_plans (id, name, rate, agency_rate, monthly_cost, vendor_plan, details, is_active, created_at, updated_at) VALUES ('91bdd3bf-a97b-46cf-9d13-bc9b5bf62af6', 'Legacy Dedicated 16GB', 585.00, NULL, NULL, NULL, NULL, true, '2025-12-23 22:29:44.396', '2025-12-23 22:29:44.396');
INSERT INTO public.hosting_plans (id, name, rate, agency_rate, monthly_cost, vendor_plan, details, is_active, created_at, updated_at) VALUES ('b628865d-ec02-470b-9b9f-62f8b6c832db', 'Dedicated Starter', 60.00, 40.00, 4.00, 'Quantum', '* 1 vCPU
* 512MB RAM
* 5TB Bandwidth
* 10GB Storage', true, '2025-12-23 22:29:44.398', '2025-12-23 22:29:44.398');
INSERT INTO public.hosting_plans (id, name, rate, agency_rate, monthly_cost, vendor_plan, details, is_active, created_at, updated_at) VALUES ('4bb130e8-17da-4b67-b064-1cc97cebca33', 'Premium 2GB', 200.00, 150.00, 35.00, 'Silver Plus', '* 2 vCPU
* 2GB RAM
* 25TB Bandwidth
* 80GB Storage
* Enhanced SSDs - 125% faster', true, '2025-12-23 22:29:44.399', '2025-12-23 22:29:44.399');
INSERT INTO public.hosting_plans (id, name, rate, agency_rate, monthly_cost, vendor_plan, details, is_active, created_at, updated_at) VALUES ('5e80fcfa-ca75-4f16-b739-2b9e225e8a54', 'Dedicated 4GB', 250.00, 200.00, 45.00, 'Silver Max', '* 2 vCPU
* 4GB RAM
* 25TB Bandwidth
* 128GB Storage
* Enhanced SSDs - 125% faster', true, '2025-12-23 22:29:44.401', '2025-12-23 22:29:44.401');
INSERT INTO public.hosting_plans (id, name, rate, agency_rate, monthly_cost, vendor_plan, details, is_active, created_at, updated_at) VALUES ('363ba2cd-df82-4e0c-bcd9-7630510e0486', 'Dedicated 8GB', 350.00, 300.00, 60.00, 'Gold', 'https://www.notion.so/Dedicated-8GB-13ae607ad424806d8aacdd5c1a88894e?pvs=21', true, '2025-12-23 22:29:44.402', '2025-12-23 22:29:44.402');
INSERT INTO public.hosting_plans (id, name, rate, agency_rate, monthly_cost, vendor_plan, details, is_active, created_at, updated_at) VALUES ('89667af3-87b7-4bd0-a67e-614d9be773be', 'Premium 16GB', 750.00, 700.00, 150.00, 'Gold Plus', '* 4 vCPU
* 16GB RAM
* 100TB Bandwidth
* 384GB Storage
* Enhanced SSDs - 125% faster', true, '2025-12-23 22:29:44.404', '2025-12-23 22:29:44.404');
INSERT INTO public.hosting_plans (id, name, rate, agency_rate, monthly_cost, vendor_plan, details, is_active, created_at, updated_at) VALUES ('b097da49-31fd-4668-b78b-d72c137e913c', 'Managed Shared', 100.00, 50.00, 10.00, NULL, 'Shared hosting
* Resources allocated as needed
* Max storage ~5GB
* Max RAM 256MB

Note - 24/7 proactive uptime monitoring not available on shared hosting', true, '2025-12-23 22:29:44.406', '2025-12-23 22:29:44.406');
INSERT INTO public.hosting_plans (id, name, rate, agency_rate, monthly_cost, vendor_plan, details, is_active, created_at, updated_at) VALUES ('181f375c-4cbf-494e-8318-b41392a6a21a', 'Dedicated 1GB', 150.00, 100.00, 15.00, 'Bronze Plus', '* 1 vCPU
* 1GB RAM
* 10TB Bandwidth
* 32GB Storage', true, '2025-12-23 22:29:44.407', '2025-12-23 22:29:44.407');
INSERT INTO public.hosting_plans (id, name, rate, agency_rate, monthly_cost, vendor_plan, details, is_active, created_at, updated_at) VALUES ('f126550f-4bab-41fd-a046-5358e9120ddb', 'Dedicated 2GB', 180.00, 130.00, 23.00, 'Bronze Max', '* 1 vCPU
* 2GB RAM
* 10TB Bandwidth
* 64GB Storage', true, '2025-12-23 22:29:44.409', '2025-12-23 22:29:44.409');
INSERT INTO public.hosting_plans (id, name, rate, agency_rate, monthly_cost, vendor_plan, details, is_active, created_at, updated_at) VALUES ('44fb8c0c-00cc-43c6-b0b8-d71ec792f132', 'Dedicated 16GB', 550.00, 500.00, 120.00, 'Platinum', '* 6 vCPu
* 16GB RAM
* 200TB Bandwidth
* 320GB Storage', true, '2025-12-23 22:29:44.41', '2025-12-23 22:29:44.41');
INSERT INTO public.hosting_plans (id, name, rate, agency_rate, monthly_cost, vendor_plan, details, is_active, created_at, updated_at) VALUES ('71119ef1-efe6-4ec9-8676-cd7675860add', 'Premium 24GB', 900.00, 800.00, 200.00, 'Platimun Plus', '* 6 vCPU
* 32GB RAM
* 200TB Bandwidth
* 448GB Storage
* 125% Faster', true, '2025-12-23 22:29:44.412', '2025-12-23 22:29:44.412');


--
-- Data for Name: maintenance_plans; Type: TABLE DATA; Schema: public; Owner: -
--

INSERT INTO public.maintenance_plans (id, name, rate, agency_rate, hours, details, is_active, created_at, updated_at) VALUES ('d16e3cde-b5d2-4967-be07-321411f17c8d', 'Essentials', 0.00, 0.00, NULL, '• Plugin & theme updates 
• Proactive security monitoring
• Firewall 
• Hosting support (no surprise bills for discussing & fixing issues related to hosting)
• 9-5 Proactive Uptime Monitoring (if the site goes down we are notified and jump on it)
• SMTP (better email delivery from site)
• SSL Certificate (encryption)
• Daily backups
• Enhanced caching for speed
• Monthly Reporting 
    ◦ Analytics
    ◦ Security
    ◦ Software updates (plugins & themes)
    ◦ Backup history
    ◦ Broken link audits
    ◦ Broken backlink audits', true, '2025-12-23 22:29:44.416', '2025-12-23 22:29:44.416');
INSERT INTO public.maintenance_plans (id, name, rate, agency_rate, hours, details, is_active, created_at, updated_at) VALUES ('8cc65d2b-35b1-4e2e-ab17-a878dafa513d', 'Essentials +', 50.00, 40.00, NULL, '* Essentials PLUS
* 24/7 Proactive Uptime Monitoring
* Monthly core site audit
* Includes DNS management
* Hourly backups (16GB & higher)', true, '2025-12-23 22:29:44.418', '2025-12-23 22:29:44.418');
INSERT INTO public.maintenance_plans (id, name, rate, agency_rate, hours, details, is_active, created_at, updated_at) VALUES ('0b643989-f636-4161-9228-06e987fffdd7', 'Care Plan', 500.00, 400.00, 2.00, '* Everything Above PLUS
* Up to 2 hours content updates', true, '2025-12-23 22:29:44.419', '2025-12-23 22:29:44.419');
INSERT INTO public.maintenance_plans (id, name, rate, agency_rate, hours, details, is_active, created_at, updated_at) VALUES ('420dc0d2-ec17-4829-808e-b4beb60ea5a9', 'DNS Management', 25.00, 15.00, NULL, '* Manages DNS in Indelible account
* Grants access to client support as needed
* Includes domain registration', true, '2025-12-23 22:29:44.421', '2025-12-23 22:29:44.421');


--
-- Data for Name: sites; Type: TABLE DATA; Schema: public; Owner: -
--

INSERT INTO public.sites (id, name, url, client_id, hosted_by, platform, hosting_plan_id, maintenance_plan_id, notes, is_deleted, created_at, updated_at) VALUES ('e7f55173-f1dd-450a-a1ad-c53c150af584', 'herbapumps.com', 'https://herbapumps.com', '0bfe81bd-3874-400d-b5af-e573d7420d49', 'indelible', NULL, NULL, NULL, NULL, false, '2025-12-23 22:29:44.461', '2025-12-23 22:29:44.461');
INSERT INTO public.sites (id, name, url, client_id, hosted_by, platform, hosting_plan_id, maintenance_plan_id, notes, is_deleted, created_at, updated_at) VALUES ('4624585a-2132-401c-8b90-dae0f2afe67b', 'Globele', NULL, '6cfb0978-71e4-4a06-851c-3c52cd7d491d', 'indelible', NULL, NULL, NULL, NULL, false, '2025-12-23 22:29:44.466', '2025-12-23 22:29:44.466');
INSERT INTO public.sites (id, name, url, client_id, hosted_by, platform, hosting_plan_id, maintenance_plan_id, notes, is_deleted, created_at, updated_at) VALUES ('a77f826d-2c21-4fb7-939e-f66cde1af5e5', 'SAPCC', NULL, '62c2405c-b0f7-4690-86c4-3d7b4d53e41c', 'indelible', NULL, NULL, NULL, NULL, false, '2025-12-23 22:29:44.47', '2025-12-23 22:29:44.47');
INSERT INTO public.sites (id, name, url, client_id, hosted_by, platform, hosting_plan_id, maintenance_plan_id, notes, is_deleted, created_at, updated_at) VALUES ('43cc905f-1257-459d-9752-b121c95a6c64', 'Dig', NULL, '8a8f702c-40da-4c80-81c1-ea8e666591a6', 'indelible', NULL, NULL, NULL, NULL, false, '2025-12-23 22:29:44.477', '2025-12-23 22:29:44.477');
INSERT INTO public.sites (id, name, url, client_id, hosted_by, platform, hosting_plan_id, maintenance_plan_id, notes, is_deleted, created_at, updated_at) VALUES ('20aa2c52-0d93-41bd-8979-4d6279cc45f9', 'Vt Parent Child Center Network', NULL, 'a16820e9-e4b1-4805-a44d-0853d51c7199', 'indelible', NULL, NULL, NULL, NULL, false, '2025-12-23 22:29:44.481', '2025-12-23 22:29:44.481');
INSERT INTO public.sites (id, name, url, client_id, hosted_by, platform, hosting_plan_id, maintenance_plan_id, notes, is_deleted, created_at, updated_at) VALUES ('c57f1640-93fd-4094-9f9f-8b59f785c32c', 'Long Trail Multi-Sport', NULL, '502b191b-9f04-41e1-82e8-719903884e66', 'indelible', NULL, NULL, NULL, NULL, false, '2025-12-23 22:29:44.484', '2025-12-23 22:29:44.484');
INSERT INTO public.sites (id, name, url, client_id, hosted_by, platform, hosting_plan_id, maintenance_plan_id, notes, is_deleted, created_at, updated_at) VALUES ('72504fb3-0e04-4230-9d55-0d07ae45d13a', 'mailto:e.thibodeau@bootleggersfootwear.com', 'https://mailto:e.thibodeau@bootleggersfootwear.com', 'edcbeb32-af82-431e-b14e-6e3795e04ffa', 'indelible', NULL, NULL, NULL, NULL, false, '2025-12-23 22:29:44.487', '2025-12-23 22:29:44.487');
INSERT INTO public.sites (id, name, url, client_id, hosted_by, platform, hosting_plan_id, maintenance_plan_id, notes, is_deleted, created_at, updated_at) VALUES ('4398043c-4b03-4698-9787-35d1a5a2ed89', 'Red House Press', NULL, '6ddbeba1-1415-47ba-a960-fb3bae765606', 'indelible', NULL, NULL, NULL, NULL, false, '2025-12-23 22:29:44.49', '2025-12-23 22:29:44.49');
INSERT INTO public.sites (id, name, url, client_id, hosted_by, platform, hosting_plan_id, maintenance_plan_id, notes, is_deleted, created_at, updated_at) VALUES ('620d21a1-0c0d-465f-80c6-9010ef0836e9', 'Sup Weekly', NULL, '041b159c-ab36-4e37-840e-518a723552a2', 'indelible', NULL, NULL, NULL, NULL, false, '2025-12-23 22:29:44.493', '2025-12-23 22:29:44.493');
INSERT INTO public.sites (id, name, url, client_id, hosted_by, platform, hosting_plan_id, maintenance_plan_id, notes, is_deleted, created_at, updated_at) VALUES ('0d0a28bf-66ef-4417-80be-fcdee8eaee90', 'VISCC', NULL, '69150776-142c-426d-9261-8c1aa3f7d9b3', 'indelible', NULL, NULL, NULL, NULL, false, '2025-12-23 22:29:44.496', '2025-12-23 22:29:44.496');
INSERT INTO public.sites (id, name, url, client_id, hosted_by, platform, hosting_plan_id, maintenance_plan_id, notes, is_deleted, created_at, updated_at) VALUES ('638dc9ef-4a03-4d5a-9b52-68719b025094', 'http://thevermontstandard.com/', 'https://http://thevermontstandard.com/', '8caed2ff-d1d0-4592-80c0-d7b2df25d105', 'indelible', NULL, NULL, NULL, NULL, false, '2025-12-23 22:29:44.499', '2025-12-23 22:29:44.499');
INSERT INTO public.sites (id, name, url, client_id, hosted_by, platform, hosting_plan_id, maintenance_plan_id, notes, is_deleted, created_at, updated_at) VALUES ('1497f939-9fbf-4a49-9e0e-20acf852980a', 'Fenton & Hennessey', NULL, 'f181f395-5657-4c8f-a2e4-1e3909946b74', 'indelible', NULL, NULL, NULL, NULL, false, '2025-12-23 22:29:44.503', '2025-12-23 22:29:44.503');
INSERT INTO public.sites (id, name, url, client_id, hosted_by, platform, hosting_plan_id, maintenance_plan_id, notes, is_deleted, created_at, updated_at) VALUES ('30a8b040-71f9-4d9c-aa71-73b0dccddb9e', 'Sharing New Hope', NULL, '761ef727-33e1-461a-92b3-bd5fb32b208e', 'indelible', NULL, NULL, NULL, NULL, false, '2025-12-23 22:29:44.508', '2025-12-23 22:29:44.508');
INSERT INTO public.sites (id, name, url, client_id, hosted_by, platform, hosting_plan_id, maintenance_plan_id, notes, is_deleted, created_at, updated_at) VALUES ('6ac0e57c-8bd2-4599-8af2-950f31f91300', 'Mitch’s Maples', NULL, 'ff000dc3-6185-4a5d-b87c-0f7f37ca89dd', 'indelible', NULL, NULL, NULL, NULL, false, '2025-12-23 22:29:44.511', '2025-12-23 22:29:44.511');
INSERT INTO public.sites (id, name, url, client_id, hosted_by, platform, hosting_plan_id, maintenance_plan_id, notes, is_deleted, created_at, updated_at) VALUES ('ff950ee5-f10a-4eba-99e0-5a6d6cce9560', 'PC Solutions', NULL, 'b7de2492-8363-4122-bab7-dc51a7768998', 'indelible', NULL, NULL, NULL, NULL, false, '2025-12-23 22:29:44.514', '2025-12-23 22:29:44.514');
INSERT INTO public.sites (id, name, url, client_id, hosted_by, platform, hosting_plan_id, maintenance_plan_id, notes, is_deleted, created_at, updated_at) VALUES ('897ff7b6-27d1-46cf-b5e8-c6dfac8ac0fc', 'Springfield on the Move', NULL, 'b3bc7f3c-3f76-4117-ac7f-8397ae0b814d', 'indelible', NULL, NULL, NULL, NULL, false, '2025-12-23 22:29:44.518', '2025-12-23 22:29:44.518');
INSERT INTO public.sites (id, name, url, client_id, hosted_by, platform, hosting_plan_id, maintenance_plan_id, notes, is_deleted, created_at, updated_at) VALUES ('6f312bc4-5032-47c5-a0ec-e92f3e5d326f', 'Grace Community Church', NULL, '2c1dc4f7-8a90-48c2-ad7e-b02e50eeb374', 'indelible', NULL, NULL, NULL, NULL, false, '2025-12-23 22:29:44.522', '2025-12-23 22:29:44.522');
INSERT INTO public.sites (id, name, url, client_id, hosted_by, platform, hosting_plan_id, maintenance_plan_id, notes, is_deleted, created_at, updated_at) VALUES ('73b93be6-3ab0-4b81-bf2f-e5b7da80a15b', 'Griffin Construction', NULL, 'e11cca70-4601-4975-b10a-c91c9b4a6c0f', 'indelible', NULL, NULL, NULL, NULL, false, '2025-12-23 22:29:44.528', '2025-12-23 22:29:44.528');
INSERT INTO public.sites (id, name, url, client_id, hosted_by, platform, hosting_plan_id, maintenance_plan_id, notes, is_deleted, created_at, updated_at) VALUES ('ac9effb1-ace8-40e7-86a6-86009ee434a7', 'North Star Health', NULL, 'd5ad5f20-cd15-4999-9839-448d31299aff', 'indelible', NULL, NULL, NULL, NULL, false, '2025-12-23 22:29:44.533', '2025-12-23 22:29:44.533');
INSERT INTO public.sites (id, name, url, client_id, hosted_by, platform, hosting_plan_id, maintenance_plan_id, notes, is_deleted, created_at, updated_at) VALUES ('bd688eb2-0a1d-45f0-a711-8e1d68eaf8be', 'First Congregational Church', NULL, '75ecac1f-f015-4dd2-8836-9bc710fedc56', 'indelible', NULL, NULL, NULL, NULL, false, '2025-12-23 22:29:44.537', '2025-12-23 22:29:44.537');
INSERT INTO public.sites (id, name, url, client_id, hosted_by, platform, hosting_plan_id, maintenance_plan_id, notes, is_deleted, created_at, updated_at) VALUES ('fca4d30c-371a-43ec-821e-00000c5cae30', 'BRIC', NULL, '788d038f-c95d-46e9-89c7-7632ec165ddc', 'indelible', NULL, NULL, NULL, NULL, false, '2025-12-23 22:29:44.541', '2025-12-23 22:29:44.541');
INSERT INTO public.sites (id, name, url, client_id, hosted_by, platform, hosting_plan_id, maintenance_plan_id, notes, is_deleted, created_at, updated_at) VALUES ('85468ad0-4374-4f6e-a974-aefae5ac253c', 'Indelible', NULL, '2a2f839a-beba-41b9-a4e2-8035ef8eb2aa', 'indelible', NULL, NULL, NULL, NULL, false, '2025-12-23 22:29:44.545', '2025-12-23 22:29:44.545');
INSERT INTO public.sites (id, name, url, client_id, hosted_by, platform, hosting_plan_id, maintenance_plan_id, notes, is_deleted, created_at, updated_at) VALUES ('4c9867af-38ef-46ea-9694-112310732a1b', 'Nerd Herd', NULL, '3535a591-b766-46be-bad4-ba27316bffb2', 'indelible', NULL, NULL, NULL, NULL, false, '2025-12-23 22:29:44.548', '2025-12-23 22:29:44.548');
INSERT INTO public.sites (id, name, url, client_id, hosted_by, platform, hosting_plan_id, maintenance_plan_id, notes, is_deleted, created_at, updated_at) VALUES ('a0f4d681-4f48-47d8-a8d9-997aa17d8be8', 'HB Energy', NULL, '7e9b612f-31c9-4541-a6a8-a0b6556b4c84', 'indelible', NULL, NULL, NULL, NULL, false, '2025-12-23 22:29:44.552', '2025-12-23 22:29:44.552');
INSERT INTO public.sites (id, name, url, client_id, hosted_by, platform, hosting_plan_id, maintenance_plan_id, notes, is_deleted, created_at, updated_at) VALUES ('7039c950-ab2f-42a3-93c2-3b669c52c32a', 'Meidl', NULL, 'cdbc6be4-ee67-4196-8957-8233a4843efd', 'indelible', NULL, NULL, NULL, NULL, false, '2025-12-23 22:29:44.555', '2025-12-23 22:29:44.555');
INSERT INTO public.sites (id, name, url, client_id, hosted_by, platform, hosting_plan_id, maintenance_plan_id, notes, is_deleted, created_at, updated_at) VALUES ('7de9bc17-55e0-41ec-b834-72d8bb647768', 'Jills Cafe', NULL, '8bad3ec9-166e-42fb-ac01-6ab0c439c8f5', 'indelible', NULL, NULL, NULL, NULL, false, '2025-12-23 22:29:44.56', '2025-12-23 22:29:44.56');
INSERT INTO public.sites (id, name, url, client_id, hosted_by, platform, hosting_plan_id, maintenance_plan_id, notes, is_deleted, created_at, updated_at) VALUES ('3e9868e2-44eb-48d7-aa57-a65886a7e2b8', 'MN Title Solutions', NULL, '9163d77d-4115-4ae4-b8f3-a45d72a75d7c', 'indelible', NULL, NULL, NULL, NULL, false, '2025-12-23 22:29:44.565', '2025-12-23 22:29:44.565');
INSERT INTO public.sites (id, name, url, client_id, hosted_by, platform, hosting_plan_id, maintenance_plan_id, notes, is_deleted, created_at, updated_at) VALUES ('cab76b1b-b05d-413f-9e7c-e5ffe68ef9df', 'Griswold Controls', NULL, '8e015744-e1f1-401d-8ad6-4b5e6525c9ff', 'indelible', NULL, NULL, NULL, NULL, false, '2025-12-23 22:29:44.569', '2025-12-23 22:29:44.569');
INSERT INTO public.sites (id, name, url, client_id, hosted_by, platform, hosting_plan_id, maintenance_plan_id, notes, is_deleted, created_at, updated_at) VALUES ('79595c13-49f7-4b0b-a240-a3353e028df4', 'Something Better Foods', NULL, '18571864-6beb-45b8-8770-31a5a98fad85', 'indelible', NULL, NULL, NULL, NULL, false, '2025-12-23 22:29:44.573', '2025-12-23 22:29:44.573');
INSERT INTO public.sites (id, name, url, client_id, hosted_by, platform, hosting_plan_id, maintenance_plan_id, notes, is_deleted, created_at, updated_at) VALUES ('791e88aa-ebdf-4c62-a571-08e87e7f270b', 'Calvary Baptist Church (Springfield)', NULL, 'eb587e62-f46c-48df-b54b-b21b4bebf4b9', 'indelible', NULL, NULL, NULL, NULL, false, '2025-12-23 22:29:44.576', '2025-12-23 22:29:44.576');
INSERT INTO public.sites (id, name, url, client_id, hosted_by, platform, hosting_plan_id, maintenance_plan_id, notes, is_deleted, created_at, updated_at) VALUES ('0e22204c-c5af-483d-9a3f-903c825cbaf1', 'Wild Beauty Foundation', NULL, '7bbc3adf-98bd-438c-bc90-dac3674c8f62', 'indelible', NULL, NULL, NULL, NULL, false, '2025-12-23 22:29:44.581', '2025-12-23 22:29:44.581');
INSERT INTO public.sites (id, name, url, client_id, hosted_by, platform, hosting_plan_id, maintenance_plan_id, notes, is_deleted, created_at, updated_at) VALUES ('7ca117fc-5192-40ec-9302-404b0c26370d', 'Marcia Stankard', NULL, '523bd88f-d89b-4004-a13e-97ad2ac3cbcf', 'indelible', NULL, NULL, NULL, NULL, false, '2025-12-23 22:29:44.586', '2025-12-23 22:29:44.586');
INSERT INTO public.sites (id, name, url, client_id, hosted_by, platform, hosting_plan_id, maintenance_plan_id, notes, is_deleted, created_at, updated_at) VALUES ('a483c1aa-b63c-4709-8ad5-598275315f21', 'Mike Lynn', NULL, 'faff73ad-b943-42e0-81f3-3a784f05d591', 'indelible', NULL, NULL, NULL, NULL, false, '2025-12-23 22:29:44.59', '2025-12-23 22:29:44.59');
INSERT INTO public.sites (id, name, url, client_id, hosted_by, platform, hosting_plan_id, maintenance_plan_id, notes, is_deleted, created_at, updated_at) VALUES ('3991e6a7-6338-43d9-bf80-6ae41cfde465', 'AICCOK', NULL, '655bd534-32bb-458e-888e-38f5792e0aa6', 'indelible', NULL, NULL, NULL, NULL, false, '2025-12-23 22:29:44.594', '2025-12-23 22:29:44.594');
INSERT INTO public.sites (id, name, url, client_id, hosted_by, platform, hosting_plan_id, maintenance_plan_id, notes, is_deleted, created_at, updated_at) VALUES ('9114b7df-599b-400e-b1d1-fcacb29963ed', 'VNN', NULL, '08981786-3e3e-4f6e-8592-16f5658769f2', 'indelible', NULL, NULL, NULL, NULL, false, '2025-12-23 22:29:44.599', '2025-12-23 22:29:44.599');
INSERT INTO public.sites (id, name, url, client_id, hosted_by, platform, hosting_plan_id, maintenance_plan_id, notes, is_deleted, created_at, updated_at) VALUES ('29e4f97d-f87d-4c88-b143-74c9d3bfd66d', 'Thermalnetics', NULL, '1573dbe2-ffd4-4223-a38a-75784ba8c1d2', 'indelible', NULL, NULL, NULL, NULL, false, '2025-12-23 22:29:44.603', '2025-12-23 22:29:44.603');
INSERT INTO public.sites (id, name, url, client_id, hosted_by, platform, hosting_plan_id, maintenance_plan_id, notes, is_deleted, created_at, updated_at) VALUES ('de1fbf68-7127-462c-bc09-2df229927edb', 'Bethany Bpatist Church', NULL, '0bcecf7c-1b5c-4074-8c5d-fc17f221b6fc', 'indelible', NULL, NULL, NULL, NULL, false, '2025-12-23 22:29:44.607', '2025-12-23 22:29:44.607');
INSERT INTO public.sites (id, name, url, client_id, hosted_by, platform, hosting_plan_id, maintenance_plan_id, notes, is_deleted, created_at, updated_at) VALUES ('8755f67e-2d04-4ebd-bcb3-d01e8a626e86', 'Clint Plyler', NULL, 'a24e2148-bdc3-4970-ba8c-7c02ab1cbc63', 'indelible', NULL, NULL, NULL, NULL, false, '2025-12-23 22:29:44.61', '2025-12-23 22:29:44.61');
INSERT INTO public.sites (id, name, url, client_id, hosted_by, platform, hosting_plan_id, maintenance_plan_id, notes, is_deleted, created_at, updated_at) VALUES ('2d3c91d5-fea8-49ce-92ee-6a010f43ed71', 'Gene Roberts', NULL, 'a359cf71-430c-4066-a13a-eb9ceeb5fa7a', 'indelible', NULL, NULL, NULL, NULL, false, '2025-12-23 22:29:44.613', '2025-12-23 22:29:44.613');
INSERT INTO public.sites (id, name, url, client_id, hosted_by, platform, hosting_plan_id, maintenance_plan_id, notes, is_deleted, created_at, updated_at) VALUES ('e0f01f1f-7c71-4bc3-984f-85eaeb5449e6', 'Gallery At The Vault', NULL, 'd3399b6a-67ee-4447-999d-66ce11ee6cb0', 'indelible', NULL, NULL, NULL, NULL, false, '2025-12-23 22:29:44.615', '2025-12-23 22:29:44.615');
INSERT INTO public.sites (id, name, url, client_id, hosted_by, platform, hosting_plan_id, maintenance_plan_id, notes, is_deleted, created_at, updated_at) VALUES ('92b1d95f-2507-48ca-9933-adb73d934188', 'Jon Haehnel', NULL, 'd48b449c-5dda-4330-a683-f86ee5b15b51', 'indelible', NULL, NULL, NULL, NULL, false, '2025-12-23 22:29:44.617', '2025-12-23 22:29:44.617');
INSERT INTO public.sites (id, name, url, client_id, hosted_by, platform, hosting_plan_id, maintenance_plan_id, notes, is_deleted, created_at, updated_at) VALUES ('34b5d72b-afac-4a06-b77e-c22a063e31c3', 'Brockberry', NULL, 'b037ac53-8461-4d94-a0a1-805467b38f46', 'indelible', NULL, NULL, NULL, NULL, false, '2025-12-23 22:29:44.619', '2025-12-23 22:29:44.619');
INSERT INTO public.sites (id, name, url, client_id, hosted_by, platform, hosting_plan_id, maintenance_plan_id, notes, is_deleted, created_at, updated_at) VALUES ('e3ecde17-b351-48f8-b116-502d492ec0c8', 'Miguel Calderon', NULL, 'b0803120-2860-467f-ad20-e20ac5deb4e6', 'indelible', NULL, NULL, NULL, NULL, false, '2025-12-23 22:29:44.622', '2025-12-23 22:29:44.622');
INSERT INTO public.sites (id, name, url, client_id, hosted_by, platform, hosting_plan_id, maintenance_plan_id, notes, is_deleted, created_at, updated_at) VALUES ('6921d0ba-f231-4c46-aa4c-bf0c57228414', 'AM Peisch', NULL, '7c67638b-6880-4df4-912e-5ba7c6c98334', 'indelible', NULL, NULL, NULL, NULL, false, '2025-12-23 22:29:44.625', '2025-12-23 22:29:44.625');
INSERT INTO public.sites (id, name, url, client_id, hosted_by, platform, hosting_plan_id, maintenance_plan_id, notes, is_deleted, created_at, updated_at) VALUES ('0ae0d934-6ba2-47ec-bc50-b53ecc96d9c2', 'crownpointbuilders.com', 'https://crownpointbuilders.com', '2a2f839a-beba-41b9-a4e2-8035ef8eb2aa', 'indelible', NULL, NULL, NULL, NULL, false, '2025-12-23 22:29:44.628', '2025-12-23 22:29:44.628');
INSERT INTO public.sites (id, name, url, client_id, hosted_by, platform, hosting_plan_id, maintenance_plan_id, notes, is_deleted, created_at, updated_at) VALUES ('4d2e6030-67e1-484b-bb94-6fd9626009d6', 'dreamsingear.com', 'https://dreamsingear.com', 'd48b449c-5dda-4330-a683-f86ee5b15b51', 'other', NULL, NULL, NULL, NULL, false, '2025-12-23 22:29:44.631', '2025-12-23 22:29:44.631');
INSERT INTO public.sites (id, name, url, client_id, hosted_by, platform, hosting_plan_id, maintenance_plan_id, notes, is_deleted, created_at, updated_at) VALUES ('df49c078-d44a-4585-a44a-4a64d1b8a70b', '3dGameAssets.io', 'https://3dGameAssets.io', '2a2f839a-beba-41b9-a4e2-8035ef8eb2aa', 'indelible', NULL, NULL, NULL, NULL, false, '2025-12-23 22:29:44.634', '2025-12-23 22:29:44.634');
INSERT INTO public.sites (id, name, url, client_id, hosted_by, platform, hosting_plan_id, maintenance_plan_id, notes, is_deleted, created_at, updated_at) VALUES ('ba5c4743-817f-4398-af9a-b325f70fbfd8', 'abbottsepticservices.com', 'https://abbottsepticservices.com', '2a2f839a-beba-41b9-a4e2-8035ef8eb2aa', 'indelible', NULL, NULL, NULL, NULL, false, '2025-12-23 22:29:44.636', '2025-12-23 22:29:44.636');
INSERT INTO public.sites (id, name, url, client_id, hosted_by, platform, hosting_plan_id, maintenance_plan_id, notes, is_deleted, created_at, updated_at) VALUES ('780323fa-5997-49e0-8f0f-c90451ed3c04', 'abundanceacres.org', 'https://abundanceacres.org', '2a2f839a-beba-41b9-a4e2-8035ef8eb2aa', 'indelible', NULL, NULL, NULL, NULL, false, '2025-12-23 22:29:44.639', '2025-12-23 22:29:44.639');
INSERT INTO public.sites (id, name, url, client_id, hosted_by, platform, hosting_plan_id, maintenance_plan_id, notes, is_deleted, created_at, updated_at) VALUES ('b0ec4c9a-1b22-4aa3-a3fc-49b3a6d40953', 'adhdmomshirts.com', 'https://adhdmomshirts.com', '2a2f839a-beba-41b9-a4e2-8035ef8eb2aa', 'indelible', NULL, NULL, NULL, NULL, false, '2025-12-23 22:29:44.642', '2025-12-23 22:29:44.642');
INSERT INTO public.sites (id, name, url, client_id, hosted_by, platform, hosting_plan_id, maintenance_plan_id, notes, is_deleted, created_at, updated_at) VALUES ('51a46097-c057-4d33-9103-0872058294e5', 'animeaccelerator.com', 'https://animeaccelerator.com', '2a2f839a-beba-41b9-a4e2-8035ef8eb2aa', 'indelible', NULL, NULL, NULL, NULL, false, '2025-12-23 22:29:44.645', '2025-12-23 22:29:44.645');
INSERT INTO public.sites (id, name, url, client_id, hosted_by, platform, hosting_plan_id, maintenance_plan_id, notes, is_deleted, created_at, updated_at) VALUES ('5b8f8291-5fda-437f-af0f-4805860bc565', 'becomeindelible.com', 'https://becomeindelible.com', '2a2f839a-beba-41b9-a4e2-8035ef8eb2aa', 'indelible', NULL, NULL, NULL, NULL, false, '2025-12-23 22:29:44.647', '2025-12-23 22:29:44.647');
INSERT INTO public.sites (id, name, url, client_id, hosted_by, platform, hosting_plan_id, maintenance_plan_id, notes, is_deleted, created_at, updated_at) VALUES ('10733027-a151-43e6-b833-36314d0def95', 'bentonandcrew.com', 'https://bentonandcrew.com', '2a2f839a-beba-41b9-a4e2-8035ef8eb2aa', 'indelible', NULL, NULL, NULL, NULL, false, '2025-12-23 22:29:44.65', '2025-12-23 22:29:44.65');
INSERT INTO public.sites (id, name, url, client_id, hosted_by, platform, hosting_plan_id, maintenance_plan_id, notes, is_deleted, created_at, updated_at) VALUES ('d24538f5-1d03-4913-9a98-7dd30f6340bd', 'bethanycentral.org', 'https://bethanycentral.org', '2a2f839a-beba-41b9-a4e2-8035ef8eb2aa', 'indelible', NULL, NULL, NULL, NULL, false, '2025-12-23 22:29:44.652', '2025-12-23 22:29:44.652');
INSERT INTO public.sites (id, name, url, client_id, hosted_by, platform, hosting_plan_id, maintenance_plan_id, notes, is_deleted, created_at, updated_at) VALUES ('37e8ccd3-fe68-4ce3-bcc1-3e309f52fa4c', 'betterchewkitchen.com', 'https://betterchewkitchen.com', '2a2f839a-beba-41b9-a4e2-8035ef8eb2aa', 'indelible', NULL, NULL, NULL, NULL, false, '2025-12-23 22:29:44.654', '2025-12-23 22:29:44.654');
INSERT INTO public.sites (id, name, url, client_id, hosted_by, platform, hosting_plan_id, maintenance_plan_id, notes, is_deleted, created_at, updated_at) VALUES ('7d668f78-ebd0-4969-8dc0-3394edd76fe7', 'bootleggersfootwear.com', 'https://bootleggersfootwear.com', '2a2f839a-beba-41b9-a4e2-8035ef8eb2aa', 'indelible', NULL, NULL, NULL, NULL, false, '2025-12-23 22:29:44.656', '2025-12-23 22:29:44.656');
INSERT INTO public.sites (id, name, url, client_id, hosted_by, platform, hosting_plan_id, maintenance_plan_id, notes, is_deleted, created_at, updated_at) VALUES ('04453c7b-63e5-4d1a-8ae6-e43a1254505d', 'bootleggersfootwear.net', 'https://bootleggersfootwear.net', '2a2f839a-beba-41b9-a4e2-8035ef8eb2aa', 'indelible', NULL, NULL, NULL, NULL, false, '2025-12-23 22:29:44.658', '2025-12-23 22:29:44.658');
INSERT INTO public.sites (id, name, url, client_id, hosted_by, platform, hosting_plan_id, maintenance_plan_id, notes, is_deleted, created_at, updated_at) VALUES ('eb6430c7-f951-4821-9a53-35f20896d48f', 'calvarylovesspringfield.com', 'https://calvarylovesspringfield.com', '2a2f839a-beba-41b9-a4e2-8035ef8eb2aa', 'indelible', NULL, NULL, NULL, NULL, false, '2025-12-23 22:29:44.661', '2025-12-23 22:29:44.661');
INSERT INTO public.sites (id, name, url, client_id, hosted_by, platform, hosting_plan_id, maintenance_plan_id, notes, is_deleted, created_at, updated_at) VALUES ('652461a1-fecc-4304-abfd-393724d151ab', 'coachjoseph.com', 'https://coachjoseph.com', '2a2f839a-beba-41b9-a4e2-8035ef8eb2aa', 'indelible', NULL, NULL, NULL, NULL, false, '2025-12-23 22:29:44.664', '2025-12-23 22:29:44.664');
INSERT INTO public.sites (id, name, url, client_id, hosted_by, platform, hosting_plan_id, maintenance_plan_id, notes, is_deleted, created_at, updated_at) VALUES ('bdafb3e9-1f9a-486e-b677-545fbb1cc868', 'coffeeandjoe.com', 'https://coffeeandjoe.com', '2a2f839a-beba-41b9-a4e2-8035ef8eb2aa', 'indelible', NULL, NULL, NULL, NULL, false, '2025-12-23 22:29:44.666', '2025-12-23 22:29:44.666');
INSERT INTO public.sites (id, name, url, client_id, hosted_by, platform, hosting_plan_id, maintenance_plan_id, notes, is_deleted, created_at, updated_at) VALUES ('0ebf5104-4e6c-4f1b-a1af-5727e0f6a394', 'crappymusic.io', 'https://crappymusic.io', '2a2f839a-beba-41b9-a4e2-8035ef8eb2aa', 'indelible', NULL, NULL, NULL, NULL, false, '2025-12-23 22:29:44.669', '2025-12-23 22:29:44.669');
INSERT INTO public.sites (id, name, url, client_id, hosted_by, platform, hosting_plan_id, maintenance_plan_id, notes, is_deleted, created_at, updated_at) VALUES ('1ed0a1cb-b396-439c-95f7-843c6d9a17e9', 'crownpointcontracting.com', 'https://crownpointcontracting.com', '2a2f839a-beba-41b9-a4e2-8035ef8eb2aa', 'indelible', NULL, NULL, NULL, NULL, false, '2025-12-23 22:29:44.672', '2025-12-23 22:29:44.672');
INSERT INTO public.sites (id, name, url, client_id, hosted_by, platform, hosting_plan_id, maintenance_plan_id, notes, is_deleted, created_at, updated_at) VALUES ('7d700a5e-c926-4edb-bc5a-271e5241af1a', 'deadenglish.com', 'https://deadenglish.com', '2a2f839a-beba-41b9-a4e2-8035ef8eb2aa', 'indelible', NULL, NULL, NULL, NULL, false, '2025-12-23 22:29:44.675', '2025-12-23 22:29:44.675');
INSERT INTO public.sites (id, name, url, client_id, hosted_by, platform, hosting_plan_id, maintenance_plan_id, notes, is_deleted, created_at, updated_at) VALUES ('09ad61b9-89f3-4160-9d9b-cee868dab50e', 'do802.com', 'https://do802.com', '2a2f839a-beba-41b9-a4e2-8035ef8eb2aa', 'indelible', NULL, NULL, NULL, NULL, false, '2025-12-23 22:29:44.678', '2025-12-23 22:29:44.678');
INSERT INTO public.sites (id, name, url, client_id, hosted_by, platform, hosting_plan_id, maintenance_plan_id, notes, is_deleted, created_at, updated_at) VALUES ('3cf2c91a-61a1-4522-abdf-a5798877f67c', 'eatbetterchew.com', 'https://eatbetterchew.com', '2a2f839a-beba-41b9-a4e2-8035ef8eb2aa', 'indelible', NULL, NULL, NULL, NULL, false, '2025-12-23 22:29:44.682', '2025-12-23 22:29:44.682');
INSERT INTO public.sites (id, name, url, client_id, hosted_by, platform, hosting_plan_id, maintenance_plan_id, notes, is_deleted, created_at, updated_at) VALUES ('4cecad49-3538-4770-bf93-b39a4ed931d2', 'fentonandhennessey.com', 'https://fentonandhennessey.com', '2a2f839a-beba-41b9-a4e2-8035ef8eb2aa', 'indelible', NULL, NULL, NULL, NULL, false, '2025-12-23 22:29:44.685', '2025-12-23 22:29:44.685');
INSERT INTO public.sites (id, name, url, client_id, hosted_by, platform, hosting_plan_id, maintenance_plan_id, notes, is_deleted, created_at, updated_at) VALUES ('7c2dd957-b836-4780-89fb-9db24bb5dab6', 'firstchurchspringfield.com', 'https://firstchurchspringfield.com', '2a2f839a-beba-41b9-a4e2-8035ef8eb2aa', 'indelible', NULL, NULL, NULL, NULL, false, '2025-12-23 22:29:44.687', '2025-12-23 22:29:44.687');
INSERT INTO public.sites (id, name, url, client_id, hosted_by, platform, hosting_plan_id, maintenance_plan_id, notes, is_deleted, created_at, updated_at) VALUES ('edf122ae-cd1a-449a-862d-aa23092e1f1f', 'griffinconstructionnh.com', 'https://griffinconstructionnh.com', '2a2f839a-beba-41b9-a4e2-8035ef8eb2aa', 'indelible', NULL, NULL, NULL, NULL, false, '2025-12-23 22:29:44.691', '2025-12-23 22:29:44.691');
INSERT INTO public.sites (id, name, url, client_id, hosted_by, platform, hosting_plan_id, maintenance_plan_id, notes, is_deleted, created_at, updated_at) VALUES ('a8c90a89-2b13-416d-8e7d-bc7b93376f70', 'herba-releaf.com', 'https://herba-releaf.com', '2a2f839a-beba-41b9-a4e2-8035ef8eb2aa', 'indelible', NULL, NULL, NULL, NULL, false, '2025-12-23 22:29:44.694', '2025-12-23 22:29:44.694');
INSERT INTO public.sites (id, name, url, client_id, hosted_by, platform, hosting_plan_id, maintenance_plan_id, notes, is_deleted, created_at, updated_at) VALUES ('a9fd9619-6a2c-4f0c-aa83-ac465c1efde5', 'indelible-test.com', 'https://indelible-test.com', '2a2f839a-beba-41b9-a4e2-8035ef8eb2aa', 'indelible', NULL, NULL, NULL, NULL, false, '2025-12-23 22:29:44.697', '2025-12-23 22:29:44.697');
INSERT INTO public.sites (id, name, url, client_id, hosted_by, platform, hosting_plan_id, maintenance_plan_id, notes, is_deleted, created_at, updated_at) VALUES ('8ed7c9e0-fba3-411b-846e-fc6efae4e8ba', 'kbcrashcreations.com', 'https://kbcrashcreations.com', '2a2f839a-beba-41b9-a4e2-8035ef8eb2aa', 'indelible', NULL, NULL, NULL, NULL, false, '2025-12-23 22:29:44.7', '2025-12-23 22:29:44.7');
INSERT INTO public.sites (id, name, url, client_id, hosted_by, platform, hosting_plan_id, maintenance_plan_id, notes, is_deleted, created_at, updated_at) VALUES ('99a2a1a2-d7d6-4f2e-891c-c47090af134b', 'knowingchristministries.org', 'https://knowingchristministries.org', '2a2f839a-beba-41b9-a4e2-8035ef8eb2aa', 'indelible', NULL, NULL, NULL, NULL, false, '2025-12-23 22:29:44.703', '2025-12-23 22:29:44.703');
INSERT INTO public.sites (id, name, url, client_id, hosted_by, platform, hosting_plan_id, maintenance_plan_id, notes, is_deleted, created_at, updated_at) VALUES ('17b1559b-899a-453f-91aa-ce4a3ab8e4cc', 'knowingchrist.org', 'https://knowingchrist.org', '2a2f839a-beba-41b9-a4e2-8035ef8eb2aa', 'indelible', NULL, NULL, NULL, NULL, false, '2025-12-23 22:29:44.707', '2025-12-23 22:29:44.707');
INSERT INTO public.sites (id, name, url, client_id, hosted_by, platform, hosting_plan_id, maintenance_plan_id, notes, is_deleted, created_at, updated_at) VALUES ('8cc7d3b4-8ae0-46df-8f57-310f737d0ee8', 'kratompump.com', 'https://kratompump.com', '2a2f839a-beba-41b9-a4e2-8035ef8eb2aa', 'indelible', NULL, NULL, NULL, NULL, false, '2025-12-23 22:29:44.71', '2025-12-23 22:29:44.71');
INSERT INTO public.sites (id, name, url, client_id, hosted_by, platform, hosting_plan_id, maintenance_plan_id, notes, is_deleted, created_at, updated_at) VALUES ('f33e3776-1e6a-41e3-a141-84320b3833dd', 'longtrailms.com', 'https://longtrailms.com', '2a2f839a-beba-41b9-a4e2-8035ef8eb2aa', 'indelible', NULL, NULL, NULL, NULL, false, '2025-12-23 22:29:44.713', '2025-12-23 22:29:44.713');
INSERT INTO public.sites (id, name, url, client_id, hosted_by, platform, hosting_plan_id, maintenance_plan_id, notes, is_deleted, created_at, updated_at) VALUES ('12df5058-26a2-4f37-8e0d-74d75a23f2b4', 'longtrailmultisport.com', 'https://longtrailmultisport.com', '2a2f839a-beba-41b9-a4e2-8035ef8eb2aa', 'indelible', NULL, NULL, NULL, NULL, false, '2025-12-23 22:29:44.716', '2025-12-23 22:29:44.716');
INSERT INTO public.sites (id, name, url, client_id, hosted_by, platform, hosting_plan_id, maintenance_plan_id, notes, is_deleted, created_at, updated_at) VALUES ('d58ab7cb-f0e6-4efd-b1f1-4acffe1b32c2', 'ltmsvt.com', 'https://ltmsvt.com', '2a2f839a-beba-41b9-a4e2-8035ef8eb2aa', 'indelible', NULL, NULL, NULL, NULL, false, '2025-12-23 22:29:44.718', '2025-12-23 22:29:44.718');
INSERT INTO public.sites (id, name, url, client_id, hosted_by, platform, hosting_plan_id, maintenance_plan_id, notes, is_deleted, created_at, updated_at) VALUES ('871be1f6-3808-4a08-83f7-e0ea227b2b4f', 'mikelynnfilm.com', 'https://mikelynnfilm.com', '2a2f839a-beba-41b9-a4e2-8035ef8eb2aa', 'indelible', NULL, NULL, NULL, NULL, false, '2025-12-23 22:29:44.721', '2025-12-23 22:29:44.721');
INSERT INTO public.sites (id, name, url, client_id, hosted_by, platform, hosting_plan_id, maintenance_plan_id, notes, is_deleted, created_at, updated_at) VALUES ('51ef667e-f440-47c9-84c5-3011149727b6', 'mitchsmaples.com', 'https://mitchsmaples.com', '2a2f839a-beba-41b9-a4e2-8035ef8eb2aa', 'indelible', NULL, NULL, NULL, NULL, false, '2025-12-23 22:29:44.724', '2025-12-23 22:29:44.724');
INSERT INTO public.sites (id, name, url, client_id, hosted_by, platform, hosting_plan_id, maintenance_plan_id, notes, is_deleted, created_at, updated_at) VALUES ('48d58bb5-397a-4cc8-aff0-8d29dd566f83', 'mitquick.com', 'https://mitquick.com', '2a2f839a-beba-41b9-a4e2-8035ef8eb2aa', 'indelible', NULL, NULL, NULL, NULL, false, '2025-12-23 22:29:44.728', '2025-12-23 22:29:44.728');
INSERT INTO public.sites (id, name, url, client_id, hosted_by, platform, hosting_plan_id, maintenance_plan_id, notes, is_deleted, created_at, updated_at) VALUES ('40a4095a-b33b-4510-b6f8-02b97e453123', 'mycoachjoe.com', 'https://mycoachjoe.com', '2a2f839a-beba-41b9-a4e2-8035ef8eb2aa', 'indelible', NULL, NULL, NULL, NULL, false, '2025-12-23 22:29:44.731', '2025-12-23 22:29:44.731');
INSERT INTO public.sites (id, name, url, client_id, hosted_by, platform, hosting_plan_id, maintenance_plan_id, notes, is_deleted, created_at, updated_at) VALUES ('9c179855-735e-4d38-945c-f2c3b5c280bc', 'mythicrogues.com', 'https://mythicrogues.com', '2a2f839a-beba-41b9-a4e2-8035ef8eb2aa', 'indelible', NULL, NULL, NULL, NULL, false, '2025-12-23 22:29:44.734', '2025-12-23 22:29:44.734');
INSERT INTO public.sites (id, name, url, client_id, hosted_by, platform, hosting_plan_id, maintenance_plan_id, notes, is_deleted, created_at, updated_at) VALUES ('2efa19d1-55f0-4198-823b-80bf922102c1', 'nerdherd.marketing', 'https://nerdherd.marketing', '3535a591-b766-46be-bad4-ba27316bffb2', 'indelible', NULL, NULL, NULL, NULL, false, '2025-12-23 22:29:44.737', '2025-12-23 22:29:44.737');
INSERT INTO public.sites (id, name, url, client_id, hosted_by, platform, hosting_plan_id, maintenance_plan_id, notes, is_deleted, created_at, updated_at) VALUES ('a084108d-9a02-421e-bffd-86f80ca416a3', 'northstarfqhc.org', 'https://northstarfqhc.org', '2a2f839a-beba-41b9-a4e2-8035ef8eb2aa', 'indelible', NULL, NULL, NULL, NULL, false, '2025-12-23 22:29:44.741', '2025-12-23 22:29:44.741');
INSERT INTO public.sites (id, name, url, client_id, hosted_by, platform, hosting_plan_id, maintenance_plan_id, notes, is_deleted, created_at, updated_at) VALUES ('e62ec51b-c341-460a-910a-29538c9da809', 'pixadonapi.com', 'https://pixadonapi.com', '2a2f839a-beba-41b9-a4e2-8035ef8eb2aa', 'indelible', NULL, NULL, NULL, NULL, false, '2025-12-23 22:29:44.744', '2025-12-23 22:29:44.744');
INSERT INTO public.sites (id, name, url, client_id, hosted_by, platform, hosting_plan_id, maintenance_plan_id, notes, is_deleted, created_at, updated_at) VALUES ('39f81e4f-2dfb-4338-88b2-61080d9b1e75', 'poketheaxion.com', 'https://poketheaxion.com', '2a2f839a-beba-41b9-a4e2-8035ef8eb2aa', 'indelible', NULL, NULL, NULL, NULL, false, '2025-12-23 22:29:44.747', '2025-12-23 22:29:44.747');
INSERT INTO public.sites (id, name, url, client_id, hosted_by, platform, hosting_plan_id, maintenance_plan_id, notes, is_deleted, created_at, updated_at) VALUES ('a724890c-2c63-4348-b3dc-54ec99d96c26', 'rhp-corp.com', 'https://rhp-corp.com', '2a2f839a-beba-41b9-a4e2-8035ef8eb2aa', 'indelible', NULL, NULL, NULL, NULL, false, '2025-12-23 22:29:44.749', '2025-12-23 22:29:44.749');
INSERT INTO public.sites (id, name, url, client_id, hosted_by, platform, hosting_plan_id, maintenance_plan_id, notes, is_deleted, created_at, updated_at) VALUES ('52bedd7c-610e-41e9-9a65-175de33e6e6c', 'sapcc-vt.org', 'https://sapcc-vt.org', '2a2f839a-beba-41b9-a4e2-8035ef8eb2aa', 'indelible', NULL, NULL, NULL, NULL, false, '2025-12-23 22:29:44.753', '2025-12-23 22:29:44.753');
INSERT INTO public.sites (id, name, url, client_id, hosted_by, platform, hosting_plan_id, maintenance_plan_id, notes, is_deleted, created_at, updated_at) VALUES ('23ce5054-fd7a-4158-a7b5-7087faa2ca3c', 'sataninchief.com', 'https://sataninchief.com', '2a2f839a-beba-41b9-a4e2-8035ef8eb2aa', 'indelible', NULL, NULL, NULL, NULL, false, '2025-12-23 22:29:44.756', '2025-12-23 22:29:44.756');
INSERT INTO public.sites (id, name, url, client_id, hosted_by, platform, hosting_plan_id, maintenance_plan_id, notes, is_deleted, created_at, updated_at) VALUES ('3377ea0a-0484-4506-b33a-d3b63d344a62', 'sep-program.com', 'https://sep-program.com', '2a2f839a-beba-41b9-a4e2-8035ef8eb2aa', 'indelible', NULL, NULL, NULL, NULL, false, '2025-12-23 22:29:44.76', '2025-12-23 22:29:44.76');
INSERT INTO public.sites (id, name, url, client_id, hosted_by, platform, hosting_plan_id, maintenance_plan_id, notes, is_deleted, created_at, updated_at) VALUES ('e5dba9dd-177b-426b-878d-65fe6de530b7', 'sepvt.com', 'https://sepvt.com', '2a2f839a-beba-41b9-a4e2-8035ef8eb2aa', 'indelible', NULL, NULL, NULL, NULL, false, '2025-12-23 22:29:44.764', '2025-12-23 22:29:44.764');
INSERT INTO public.sites (id, name, url, client_id, hosted_by, platform, hosting_plan_id, maintenance_plan_id, notes, is_deleted, created_at, updated_at) VALUES ('748db4ea-dc51-472a-a0e8-bc2237127ccc', 'sportsenhancementforlife.com', 'https://sportsenhancementforlife.com', '2a2f839a-beba-41b9-a4e2-8035ef8eb2aa', 'indelible', NULL, NULL, NULL, NULL, false, '2025-12-23 22:29:44.767', '2025-12-23 22:29:44.767');
INSERT INTO public.sites (id, name, url, client_id, hosted_by, platform, hosting_plan_id, maintenance_plan_id, notes, is_deleted, created_at, updated_at) VALUES ('df0181ab-5d67-48fb-a7d6-33e6f8770f6d', 'springfieldonthemove.net', 'https://springfieldonthemove.net', '2a2f839a-beba-41b9-a4e2-8035ef8eb2aa', 'indelible', NULL, NULL, NULL, NULL, false, '2025-12-23 22:29:44.77', '2025-12-23 22:29:44.77');
INSERT INTO public.sites (id, name, url, client_id, hosted_by, platform, hosting_plan_id, maintenance_plan_id, notes, is_deleted, created_at, updated_at) VALUES ('c764e154-f605-44f1-8e8a-1b182a6a6a78', 'thevermontstandard.com', 'https://thevermontstandard.com', '2a2f839a-beba-41b9-a4e2-8035ef8eb2aa', 'indelible', NULL, NULL, NULL, NULL, false, '2025-12-23 22:29:44.774', '2025-12-23 22:29:44.774');
INSERT INTO public.sites (id, name, url, client_id, hosted_by, platform, hosting_plan_id, maintenance_plan_id, notes, is_deleted, created_at, updated_at) VALUES ('fdc211ab-0761-4fba-9812-1b324ac37f65', 'uncle-jimmys.com', 'https://uncle-jimmys.com', '2a2f839a-beba-41b9-a4e2-8035ef8eb2aa', 'indelible', NULL, NULL, NULL, NULL, false, '2025-12-23 22:29:44.778', '2025-12-23 22:29:44.778');
INSERT INTO public.sites (id, name, url, client_id, hosted_by, platform, hosting_plan_id, maintenance_plan_id, notes, is_deleted, created_at, updated_at) VALUES ('14767340-d8e3-451b-bbac-51d6fec53bab', 'vermonturns.com', 'https://vermonturns.com', '2a2f839a-beba-41b9-a4e2-8035ef8eb2aa', 'indelible', NULL, NULL, NULL, NULL, false, '2025-12-23 22:29:44.782', '2025-12-23 22:29:44.782');
INSERT INTO public.sites (id, name, url, client_id, hosted_by, platform, hosting_plan_id, maintenance_plan_id, notes, is_deleted, created_at, updated_at) VALUES ('3503a53f-f381-4f5a-87ab-a8eb7851c62a', 'vpccn.org', 'https://vpccn.org', '2a2f839a-beba-41b9-a4e2-8035ef8eb2aa', 'indelible', NULL, NULL, NULL, NULL, false, '2025-12-23 22:29:44.786', '2025-12-23 22:29:44.786');
INSERT INTO public.sites (id, name, url, client_id, hosted_by, platform, hosting_plan_id, maintenance_plan_id, notes, is_deleted, created_at, updated_at) VALUES ('d8a95cf1-3f09-4b7e-b3dc-0f30863373f4', 'vtmutualaid.com', 'https://vtmutualaid.com', '2a2f839a-beba-41b9-a4e2-8035ef8eb2aa', 'indelible', NULL, NULL, NULL, NULL, false, '2025-12-23 22:29:44.789', '2025-12-23 22:29:44.789');
INSERT INTO public.sites (id, name, url, client_id, hosted_by, platform, hosting_plan_id, maintenance_plan_id, notes, is_deleted, created_at, updated_at) VALUES ('a69899c8-f48c-49a4-b46a-5ffbb103b0d6', 'vtparentchildcenternetwork.org', 'https://vtparentchildcenternetwork.org', '2a2f839a-beba-41b9-a4e2-8035ef8eb2aa', 'indelible', NULL, NULL, NULL, NULL, false, '2025-12-23 22:29:44.793', '2025-12-23 22:29:44.793');
INSERT INTO public.sites (id, name, url, client_id, hosted_by, platform, hosting_plan_id, maintenance_plan_id, notes, is_deleted, created_at, updated_at) VALUES ('33e19cc6-0b6e-4c44-a8a6-5159cdcab810', 'whitespire.net', 'https://whitespire.net', '2a2f839a-beba-41b9-a4e2-8035ef8eb2aa', 'indelible', NULL, NULL, NULL, NULL, false, '2025-12-23 22:29:44.798', '2025-12-23 22:29:44.798');
INSERT INTO public.sites (id, name, url, client_id, hosted_by, platform, hosting_plan_id, maintenance_plan_id, notes, is_deleted, created_at, updated_at) VALUES ('e4047fc1-6cf3-40c2-a771-8aa18c179233', 'whoismikedion.com', 'https://whoismikedion.com', '2a2f839a-beba-41b9-a4e2-8035ef8eb2aa', 'indelible', NULL, NULL, NULL, NULL, false, '2025-12-23 22:29:44.801', '2025-12-23 22:29:44.801');
INSERT INTO public.sites (id, name, url, client_id, hosted_by, platform, hosting_plan_id, maintenance_plan_id, notes, is_deleted, created_at, updated_at) VALUES ('23e183cd-69da-42c4-a604-71d38821e819', 'wildbeautyfilm.com', 'https://wildbeautyfilm.com', '2a2f839a-beba-41b9-a4e2-8035ef8eb2aa', 'indelible', NULL, NULL, NULL, NULL, false, '2025-12-23 22:29:44.805', '2025-12-23 22:29:44.805');
INSERT INTO public.sites (id, name, url, client_id, hosted_by, platform, hosting_plan_id, maintenance_plan_id, notes, is_deleted, created_at, updated_at) VALUES ('97b114a4-3717-4d21-bcd3-a0058c41a805', 'wordworksforyou.org', 'https://wordworksforyou.org', '2a2f839a-beba-41b9-a4e2-8035ef8eb2aa', 'indelible', NULL, NULL, NULL, NULL, false, '2025-12-23 22:29:44.81', '2025-12-23 22:29:44.81');
INSERT INTO public.sites (id, name, url, client_id, hosted_by, platform, hosting_plan_id, maintenance_plan_id, notes, is_deleted, created_at, updated_at) VALUES ('5aeba18f-616d-447a-9f88-fcd1ba1ea12c', 'bearridgebooks.com', 'https://bearridgebooks.com', '2a2f839a-beba-41b9-a4e2-8035ef8eb2aa', 'indelible', NULL, NULL, NULL, NULL, false, '2025-12-23 22:29:44.815', '2025-12-23 22:29:44.815');
INSERT INTO public.sites (id, name, url, client_id, hosted_by, platform, hosting_plan_id, maintenance_plan_id, notes, is_deleted, created_at, updated_at) VALUES ('64cea1f1-80fa-43b3-8e92-396bda8028ca', 'jillscafe.net', 'https://jillscafe.net', '8bad3ec9-166e-42fb-ac01-6ab0c439c8f5', 'indelible', NULL, NULL, NULL, NULL, false, '2025-12-23 22:29:44.819', '2025-12-23 22:29:44.819');
INSERT INTO public.sites (id, name, url, client_id, hosted_by, platform, hosting_plan_id, maintenance_plan_id, notes, is_deleted, created_at, updated_at) VALUES ('4a95a668-9c79-46c1-881c-d54ef9e68ac2', 'executiveassociatestitleotsego.com', 'https://executiveassociatestitleotsego.com', '2a2f839a-beba-41b9-a4e2-8035ef8eb2aa', 'client', NULL, NULL, NULL, NULL, false, '2025-12-23 22:29:44.824', '2025-12-23 22:29:44.824');
INSERT INTO public.sites (id, name, url, client_id, hosted_by, platform, hosting_plan_id, maintenance_plan_id, notes, is_deleted, created_at, updated_at) VALUES ('b8952584-c93d-4132-905a-f4e3fa6a65ea', 'meidlconcreteservices.com', 'https://meidlconcreteservices.com', 'cdbc6be4-ee67-4196-8957-8233a4843efd', 'indelible', NULL, NULL, NULL, NULL, false, '2025-12-23 22:29:44.829', '2025-12-23 22:29:44.829');
INSERT INTO public.sites (id, name, url, client_id, hosted_by, platform, hosting_plan_id, maintenance_plan_id, notes, is_deleted, created_at, updated_at) VALUES ('92238b7e-2d1f-4dbb-a4fd-6949acf22f95', 'nerdherdpro.com', 'https://nerdherdpro.com', '3535a591-b766-46be-bad4-ba27316bffb2', 'client', NULL, NULL, NULL, NULL, false, '2025-12-23 22:29:44.834', '2025-12-23 22:29:44.834');
INSERT INTO public.sites (id, name, url, client_id, hosted_by, platform, hosting_plan_id, maintenance_plan_id, notes, is_deleted, created_at, updated_at) VALUES ('f2a7ec65-c7ed-4e3c-aee0-df47cf330de4', 'griswoldcontrols.com', 'https://griswoldcontrols.com', '2a2f839a-beba-41b9-a4e2-8035ef8eb2aa', 'client', NULL, NULL, NULL, NULL, false, '2025-12-23 22:29:44.838', '2025-12-23 22:29:44.838');
INSERT INTO public.sites (id, name, url, client_id, hosted_by, platform, hosting_plan_id, maintenance_plan_id, notes, is_deleted, created_at, updated_at) VALUES ('66774153-316c-46d7-b99d-4abfc0ff5f13', 'hvacmarketingleaders.com', 'https://hvacmarketingleaders.com', '3535a591-b766-46be-bad4-ba27316bffb2', 'indelible', NULL, NULL, NULL, NULL, false, '2025-12-23 22:29:44.843', '2025-12-23 22:29:44.843');
INSERT INTO public.sites (id, name, url, client_id, hosted_by, platform, hosting_plan_id, maintenance_plan_id, notes, is_deleted, created_at, updated_at) VALUES ('01a7714e-d2ec-49a8-af0e-ac5dd493dbc0', 'thermalnetics.com', 'https://thermalnetics.com', '2a2f839a-beba-41b9-a4e2-8035ef8eb2aa', 'other', NULL, NULL, NULL, NULL, false, '2025-12-23 22:29:44.847', '2025-12-23 22:29:44.847');
INSERT INTO public.sites (id, name, url, client_id, hosted_by, platform, hosting_plan_id, maintenance_plan_id, notes, is_deleted, created_at, updated_at) VALUES ('ba75ac85-2261-4789-b17c-c87ca980b1b6', 'mntitlesolutions.com', 'https://mntitlesolutions.com', '9163d77d-4115-4ae4-b8f3-a45d72a75d7c', 'client', NULL, NULL, NULL, NULL, false, '2025-12-23 22:29:44.85', '2025-12-23 22:29:44.85');
INSERT INTO public.sites (id, name, url, client_id, hosted_by, platform, hosting_plan_id, maintenance_plan_id, notes, is_deleted, created_at, updated_at) VALUES ('28b29621-7892-41ac-bd67-14ac4f0d5559', 'emporium.thevermontstandard.com', 'https://emporium.thevermontstandard.com', '2a2f839a-beba-41b9-a4e2-8035ef8eb2aa', 'indelible', NULL, NULL, NULL, NULL, false, '2025-12-23 22:29:44.853', '2025-12-23 22:29:44.853');
INSERT INTO public.sites (id, name, url, client_id, hosted_by, platform, hosting_plan_id, maintenance_plan_id, notes, is_deleted, created_at, updated_at) VALUES ('5bbedb56-f8b3-418b-a0b8-259645fe1d52', 'wildbeautyfoundation.org', 'https://wildbeautyfoundation.org', '7bbc3adf-98bd-438c-bc90-dac3674c8f62', 'indelible', NULL, NULL, NULL, NULL, false, '2025-12-23 22:29:44.856', '2025-12-23 22:29:44.856');
INSERT INTO public.sites (id, name, url, client_id, hosted_by, platform, hosting_plan_id, maintenance_plan_id, notes, is_deleted, created_at, updated_at) VALUES ('5f36611b-91bd-4c8d-ac24-5c50c83e9e29', 'globeleenergy.com', 'https://globeleenergy.com', '2a2f839a-beba-41b9-a4e2-8035ef8eb2aa', 'client', NULL, NULL, NULL, NULL, false, '2025-12-23 22:29:44.862', '2025-12-23 22:29:44.862');
INSERT INTO public.sites (id, name, url, client_id, hosted_by, platform, hosting_plan_id, maintenance_plan_id, notes, is_deleted, created_at, updated_at) VALUES ('22544e9b-884d-413f-a0d8-66797d5cd37c', 'blackriveractionteam.org', 'https://blackriveractionteam.org', '2a2f839a-beba-41b9-a4e2-8035ef8eb2aa', 'indelible', NULL, NULL, NULL, NULL, false, '2025-12-23 22:29:44.87', '2025-12-23 22:29:44.87');
INSERT INTO public.sites (id, name, url, client_id, hosted_by, platform, hosting_plan_id, maintenance_plan_id, notes, is_deleted, created_at, updated_at) VALUES ('87f22243-6d86-44a2-a1ec-6cf53e1d3aeb', 'spritelees.tempurl.host', 'https://spritelees.tempurl.host', '2a2f839a-beba-41b9-a4e2-8035ef8eb2aa', 'other', NULL, NULL, NULL, NULL, false, '2025-12-23 22:29:44.874', '2025-12-23 22:29:44.874');
INSERT INTO public.sites (id, name, url, client_id, hosted_by, platform, hosting_plan_id, maintenance_plan_id, notes, is_deleted, created_at, updated_at) VALUES ('c5f5045a-a6ca-494e-a9ae-281f11e505b3', 'grokoftherok.tempurl.host', 'https://grokoftherok.tempurl.host', '2a2f839a-beba-41b9-a4e2-8035ef8eb2aa', 'other', NULL, NULL, NULL, NULL, false, '2025-12-23 22:29:44.878', '2025-12-23 22:29:44.878');


--
-- Data for Name: domains; Type: TABLE DATA; Schema: public; Owner: -
--

INSERT INTO public.domains (id, name, site_id, registrar, expires_at, is_primary, notes, is_deleted, created_at, updated_at) VALUES ('7efd826f-193a-46a4-a228-1ae26b4cad44', 'crownpointbuilders.com', '0ae0d934-6ba2-47ec-bc50-b53ecc96d9c2', 'Cloudflare', '2025-12-09 05:00:00', true, NULL, false, '2025-12-23 22:29:44.629', '2025-12-23 22:29:44.629');
INSERT INTO public.domains (id, name, site_id, registrar, expires_at, is_primary, notes, is_deleted, created_at, updated_at) VALUES ('190990c4-de1a-4cb9-845b-23021756a663', 'dreamsingear.com', '4d2e6030-67e1-484b-bb94-6fd9626009d6', NULL, NULL, true, NULL, false, '2025-12-23 22:29:44.632', '2025-12-23 22:29:44.632');
INSERT INTO public.domains (id, name, site_id, registrar, expires_at, is_primary, notes, is_deleted, created_at, updated_at) VALUES ('67c972b1-3baa-4c09-93ba-49e7b41cda8d', '3dGameAssets.io', 'df49c078-d44a-4585-a44a-4a64d1b8a70b', 'Cloudflare', NULL, true, NULL, false, '2025-12-23 22:29:44.635', '2025-12-23 22:29:44.635');
INSERT INTO public.domains (id, name, site_id, registrar, expires_at, is_primary, notes, is_deleted, created_at, updated_at) VALUES ('eeff76de-9767-4c6e-9eca-55db586c4f38', 'abbottsepticservices.com', 'ba5c4743-817f-4398-af9a-b325f70fbfd8', 'Cloudflare', NULL, true, NULL, false, '2025-12-23 22:29:44.638', '2025-12-23 22:29:44.638');
INSERT INTO public.domains (id, name, site_id, registrar, expires_at, is_primary, notes, is_deleted, created_at, updated_at) VALUES ('b6ea003a-72a7-45d2-845a-da5dd78e57fd', 'abundanceacres.org', '780323fa-5997-49e0-8f0f-c90451ed3c04', 'Cloudflare', NULL, true, NULL, false, '2025-12-23 22:29:44.64', '2025-12-23 22:29:44.64');
INSERT INTO public.domains (id, name, site_id, registrar, expires_at, is_primary, notes, is_deleted, created_at, updated_at) VALUES ('0bf8d6b9-7bac-4c83-b7b7-2482eb030fbc', 'adhdmomshirts.com', 'b0ec4c9a-1b22-4aa3-a3fc-49b3a6d40953', 'Cloudflare', NULL, true, NULL, false, '2025-12-23 22:29:44.643', '2025-12-23 22:29:44.643');
INSERT INTO public.domains (id, name, site_id, registrar, expires_at, is_primary, notes, is_deleted, created_at, updated_at) VALUES ('c9ce5f06-668f-4a36-81a9-132661d0b2b6', 'animeaccelerator.com', '51a46097-c057-4d33-9103-0872058294e5', 'Cloudflare', NULL, true, NULL, false, '2025-12-23 22:29:44.646', '2025-12-23 22:29:44.646');
INSERT INTO public.domains (id, name, site_id, registrar, expires_at, is_primary, notes, is_deleted, created_at, updated_at) VALUES ('e0613ac6-7083-4798-b82b-0ab1a106f1ba', 'becomeindelible.com', '5b8f8291-5fda-437f-af0f-4805860bc565', 'Cloudflare', NULL, true, NULL, false, '2025-12-23 22:29:44.648', '2025-12-23 22:29:44.648');
INSERT INTO public.domains (id, name, site_id, registrar, expires_at, is_primary, notes, is_deleted, created_at, updated_at) VALUES ('1af8ab89-10ba-4cfb-ba4a-cb58fc015ee0', 'bentonandcrew.com', '10733027-a151-43e6-b833-36314d0def95', 'Cloudflare', NULL, true, NULL, false, '2025-12-23 22:29:44.651', '2025-12-23 22:29:44.651');
INSERT INTO public.domains (id, name, site_id, registrar, expires_at, is_primary, notes, is_deleted, created_at, updated_at) VALUES ('3d2c97f5-9f9a-42cb-b38d-8f6f0d1edc38', 'bethanycentral.org', 'd24538f5-1d03-4913-9a98-7dd30f6340bd', 'Cloudflare', NULL, true, NULL, false, '2025-12-23 22:29:44.653', '2025-12-23 22:29:44.653');
INSERT INTO public.domains (id, name, site_id, registrar, expires_at, is_primary, notes, is_deleted, created_at, updated_at) VALUES ('ca114a5c-4bf4-4b93-b88a-e6866f86d4e0', 'betterchewkitchen.com', '37e8ccd3-fe68-4ce3-bcc1-3e309f52fa4c', 'Cloudflare', NULL, true, NULL, false, '2025-12-23 22:29:44.655', '2025-12-23 22:29:44.655');
INSERT INTO public.domains (id, name, site_id, registrar, expires_at, is_primary, notes, is_deleted, created_at, updated_at) VALUES ('ae89742e-f196-48bb-9d79-92fb5438f1aa', 'bootleggersfootwear.com', '7d668f78-ebd0-4969-8dc0-3394edd76fe7', 'Cloudflare', NULL, true, NULL, false, '2025-12-23 22:29:44.657', '2025-12-23 22:29:44.657');
INSERT INTO public.domains (id, name, site_id, registrar, expires_at, is_primary, notes, is_deleted, created_at, updated_at) VALUES ('f03ff220-47c5-4de5-8bf4-ab045ced8a18', 'bootleggersfootwear.net', '04453c7b-63e5-4d1a-8ae6-e43a1254505d', 'Cloudflare', NULL, true, NULL, false, '2025-12-23 22:29:44.66', '2025-12-23 22:29:44.66');
INSERT INTO public.domains (id, name, site_id, registrar, expires_at, is_primary, notes, is_deleted, created_at, updated_at) VALUES ('d5cc9dd0-2128-466c-952d-4748062df8ed', 'calvarylovesspringfield.com', 'eb6430c7-f951-4821-9a53-35f20896d48f', 'Cloudflare', NULL, true, NULL, false, '2025-12-23 22:29:44.663', '2025-12-23 22:29:44.663');
INSERT INTO public.domains (id, name, site_id, registrar, expires_at, is_primary, notes, is_deleted, created_at, updated_at) VALUES ('01dcba4a-097a-4816-93af-e64352c26216', 'coachjoseph.com', '652461a1-fecc-4304-abfd-393724d151ab', 'Cloudflare', NULL, true, NULL, false, '2025-12-23 22:29:44.665', '2025-12-23 22:29:44.665');
INSERT INTO public.domains (id, name, site_id, registrar, expires_at, is_primary, notes, is_deleted, created_at, updated_at) VALUES ('38ec90bd-349a-412c-b9b4-fcb370775fdd', 'coffeeandjoe.com', 'bdafb3e9-1f9a-486e-b677-545fbb1cc868', 'Cloudflare', NULL, true, NULL, false, '2025-12-23 22:29:44.668', '2025-12-23 22:29:44.668');
INSERT INTO public.domains (id, name, site_id, registrar, expires_at, is_primary, notes, is_deleted, created_at, updated_at) VALUES ('688e2607-f0e2-4163-bd2e-32c70b0b52e7', 'crappymusic.io', '0ebf5104-4e6c-4f1b-a1af-5727e0f6a394', 'Cloudflare', NULL, true, NULL, false, '2025-12-23 22:29:44.67', '2025-12-23 22:29:44.67');
INSERT INTO public.domains (id, name, site_id, registrar, expires_at, is_primary, notes, is_deleted, created_at, updated_at) VALUES ('350d4f95-aef0-4aa5-92d3-36fa1be29571', 'crownpointcontracting.com', '1ed0a1cb-b396-439c-95f7-843c6d9a17e9', 'Cloudflare', NULL, true, NULL, false, '2025-12-23 22:29:44.673', '2025-12-23 22:29:44.673');
INSERT INTO public.domains (id, name, site_id, registrar, expires_at, is_primary, notes, is_deleted, created_at, updated_at) VALUES ('7f0a1250-e438-4f77-a177-09ea27036ec5', 'deadenglish.com', '7d700a5e-c926-4edb-bc5a-271e5241af1a', 'Cloudflare', NULL, true, NULL, false, '2025-12-23 22:29:44.676', '2025-12-23 22:29:44.676');
INSERT INTO public.domains (id, name, site_id, registrar, expires_at, is_primary, notes, is_deleted, created_at, updated_at) VALUES ('f7baf44e-ebf8-48a8-86db-b1fb374d31c3', 'do802.com', '09ad61b9-89f3-4160-9d9b-cee868dab50e', 'Cloudflare', NULL, true, NULL, false, '2025-12-23 22:29:44.68', '2025-12-23 22:29:44.68');
INSERT INTO public.domains (id, name, site_id, registrar, expires_at, is_primary, notes, is_deleted, created_at, updated_at) VALUES ('16ebe4ed-88a7-4290-bef2-44c8cc40cff2', 'eatbetterchew.com', '3cf2c91a-61a1-4522-abdf-a5798877f67c', 'Cloudflare', NULL, true, NULL, false, '2025-12-23 22:29:44.683', '2025-12-23 22:29:44.683');
INSERT INTO public.domains (id, name, site_id, registrar, expires_at, is_primary, notes, is_deleted, created_at, updated_at) VALUES ('1e305648-3305-455b-9c82-bba5d986789a', 'fentonandhennessey.com', '4cecad49-3538-4770-bf93-b39a4ed931d2', 'Cloudflare', NULL, true, NULL, false, '2025-12-23 22:29:44.686', '2025-12-23 22:29:44.686');
INSERT INTO public.domains (id, name, site_id, registrar, expires_at, is_primary, notes, is_deleted, created_at, updated_at) VALUES ('0972fe78-7cfb-41c2-a23c-04b35cc4f97c', 'firstchurchspringfield.com', '7c2dd957-b836-4780-89fb-9db24bb5dab6', 'Cloudflare', NULL, true, NULL, false, '2025-12-23 22:29:44.689', '2025-12-23 22:29:44.689');
INSERT INTO public.domains (id, name, site_id, registrar, expires_at, is_primary, notes, is_deleted, created_at, updated_at) VALUES ('09e9016e-ee86-48f7-8ab1-f5203a532417', 'griffinconstructionnh.com', 'edf122ae-cd1a-449a-862d-aa23092e1f1f', 'Cloudflare', NULL, true, NULL, false, '2025-12-23 22:29:44.693', '2025-12-23 22:29:44.693');
INSERT INTO public.domains (id, name, site_id, registrar, expires_at, is_primary, notes, is_deleted, created_at, updated_at) VALUES ('3d0e880a-b637-49dc-a279-b1744595637e', 'herba-releaf.com', 'a8c90a89-2b13-416d-8e7d-bc7b93376f70', 'Cloudflare', NULL, true, NULL, false, '2025-12-23 22:29:44.696', '2025-12-23 22:29:44.696');
INSERT INTO public.domains (id, name, site_id, registrar, expires_at, is_primary, notes, is_deleted, created_at, updated_at) VALUES ('2074ae5b-b9fa-4e33-ba3e-c2bea2fea43d', 'indelible-test.com', 'a9fd9619-6a2c-4f0c-aa83-ac465c1efde5', 'Cloudflare', NULL, true, NULL, false, '2025-12-23 22:29:44.699', '2025-12-23 22:29:44.699');
INSERT INTO public.domains (id, name, site_id, registrar, expires_at, is_primary, notes, is_deleted, created_at, updated_at) VALUES ('a29287c3-8fbc-4410-9c5a-d03eed5654b1', 'kbcrashcreations.com', '8ed7c9e0-fba3-411b-846e-fc6efae4e8ba', 'Cloudflare', NULL, true, NULL, false, '2025-12-23 22:29:44.702', '2025-12-23 22:29:44.702');
INSERT INTO public.domains (id, name, site_id, registrar, expires_at, is_primary, notes, is_deleted, created_at, updated_at) VALUES ('3161e0d1-a864-4b93-b2b1-e6fd9a187834', 'knowingchristministries.org', '99a2a1a2-d7d6-4f2e-891c-c47090af134b', 'Cloudflare', NULL, true, NULL, false, '2025-12-23 22:29:44.705', '2025-12-23 22:29:44.705');
INSERT INTO public.domains (id, name, site_id, registrar, expires_at, is_primary, notes, is_deleted, created_at, updated_at) VALUES ('66734ac8-3252-48cc-a8ea-3cb80834ced7', 'knowingchrist.org', '17b1559b-899a-453f-91aa-ce4a3ab8e4cc', 'Cloudflare', NULL, true, NULL, false, '2025-12-23 22:29:44.709', '2025-12-23 22:29:44.709');
INSERT INTO public.domains (id, name, site_id, registrar, expires_at, is_primary, notes, is_deleted, created_at, updated_at) VALUES ('28959262-1932-48e1-9a76-7475bdd3a048', 'kratompump.com', '8cc7d3b4-8ae0-46df-8f57-310f737d0ee8', 'Cloudflare', NULL, true, NULL, false, '2025-12-23 22:29:44.712', '2025-12-23 22:29:44.712');
INSERT INTO public.domains (id, name, site_id, registrar, expires_at, is_primary, notes, is_deleted, created_at, updated_at) VALUES ('ecbd44d1-521c-4cb5-87e3-e404ac7166cb', 'longtrailms.com', 'f33e3776-1e6a-41e3-a141-84320b3833dd', 'Cloudflare', NULL, true, NULL, false, '2025-12-23 22:29:44.715', '2025-12-23 22:29:44.715');
INSERT INTO public.domains (id, name, site_id, registrar, expires_at, is_primary, notes, is_deleted, created_at, updated_at) VALUES ('787978f1-36aa-4ed9-aba6-2f33f67a6858', 'longtrailmultisport.com', '12df5058-26a2-4f37-8e0d-74d75a23f2b4', 'Cloudflare', NULL, true, NULL, false, '2025-12-23 22:29:44.717', '2025-12-23 22:29:44.717');
INSERT INTO public.domains (id, name, site_id, registrar, expires_at, is_primary, notes, is_deleted, created_at, updated_at) VALUES ('2a060a70-247c-4ae5-a60f-92ce2328d327', 'ltmsvt.com', 'd58ab7cb-f0e6-4efd-b1f1-4acffe1b32c2', 'Cloudflare', NULL, true, NULL, false, '2025-12-23 22:29:44.719', '2025-12-23 22:29:44.719');
INSERT INTO public.domains (id, name, site_id, registrar, expires_at, is_primary, notes, is_deleted, created_at, updated_at) VALUES ('0c9c1eee-ac4d-49fa-801f-f66da2eb80be', 'mikelynnfilm.com', '871be1f6-3808-4a08-83f7-e0ea227b2b4f', 'Cloudflare', NULL, true, NULL, false, '2025-12-23 22:29:44.722', '2025-12-23 22:29:44.722');
INSERT INTO public.domains (id, name, site_id, registrar, expires_at, is_primary, notes, is_deleted, created_at, updated_at) VALUES ('08481083-53db-41cb-b353-27ca8b43f919', 'mitchsmaples.com', '51ef667e-f440-47c9-84c5-3011149727b6', 'Cloudflare', NULL, true, NULL, false, '2025-12-23 22:29:44.726', '2025-12-23 22:29:44.726');
INSERT INTO public.domains (id, name, site_id, registrar, expires_at, is_primary, notes, is_deleted, created_at, updated_at) VALUES ('11dd88ff-cb86-4782-a246-cd3cea186e77', 'mitquick.com', '48d58bb5-397a-4cc8-aff0-8d29dd566f83', 'Cloudflare', NULL, true, NULL, false, '2025-12-23 22:29:44.729', '2025-12-23 22:29:44.729');
INSERT INTO public.domains (id, name, site_id, registrar, expires_at, is_primary, notes, is_deleted, created_at, updated_at) VALUES ('06f42a85-cd12-4ecc-8f77-622a86657d58', 'mycoachjoe.com', '40a4095a-b33b-4510-b6f8-02b97e453123', 'Cloudflare', NULL, true, NULL, false, '2025-12-23 22:29:44.732', '2025-12-23 22:29:44.732');
INSERT INTO public.domains (id, name, site_id, registrar, expires_at, is_primary, notes, is_deleted, created_at, updated_at) VALUES ('4c1325ae-1aee-4f58-8deb-1e61d6846705', 'mythicrogues.com', '9c179855-735e-4d38-945c-f2c3b5c280bc', 'Cloudflare', NULL, true, NULL, false, '2025-12-23 22:29:44.735', '2025-12-23 22:29:44.735');
INSERT INTO public.domains (id, name, site_id, registrar, expires_at, is_primary, notes, is_deleted, created_at, updated_at) VALUES ('cefda334-7c72-4e4f-bc14-afe523e6e294', 'nerdherd.marketing', '2efa19d1-55f0-4198-823b-80bf922102c1', 'Cloudflare', '2026-03-16 04:00:00', true, NULL, false, '2025-12-23 22:29:44.739', '2025-12-23 22:29:44.739');
INSERT INTO public.domains (id, name, site_id, registrar, expires_at, is_primary, notes, is_deleted, created_at, updated_at) VALUES ('682e7de8-263a-4a18-8816-36056d5d3896', 'northstarfqhc.org', 'a084108d-9a02-421e-bffd-86f80ca416a3', 'Cloudflare', NULL, true, NULL, false, '2025-12-23 22:29:44.743', '2025-12-23 22:29:44.743');
INSERT INTO public.domains (id, name, site_id, registrar, expires_at, is_primary, notes, is_deleted, created_at, updated_at) VALUES ('3d38f07b-ea7c-4729-8438-d0f49134cd81', 'pixadonapi.com', 'e62ec51b-c341-460a-910a-29538c9da809', 'Cloudflare', NULL, true, NULL, false, '2025-12-23 22:29:44.746', '2025-12-23 22:29:44.746');
INSERT INTO public.domains (id, name, site_id, registrar, expires_at, is_primary, notes, is_deleted, created_at, updated_at) VALUES ('d6f7f1ef-b769-4dc2-a4b6-0ce01c6df398', 'poketheaxion.com', '39f81e4f-2dfb-4338-88b2-61080d9b1e75', 'Cloudflare', NULL, true, NULL, false, '2025-12-23 22:29:44.748', '2025-12-23 22:29:44.748');
INSERT INTO public.domains (id, name, site_id, registrar, expires_at, is_primary, notes, is_deleted, created_at, updated_at) VALUES ('23c9dc59-4f8f-41ee-b174-0d3829c0f312', 'rhp-corp.com', 'a724890c-2c63-4348-b3dc-54ec99d96c26', 'Cloudflare', NULL, true, NULL, false, '2025-12-23 22:29:44.751', '2025-12-23 22:29:44.751');
INSERT INTO public.domains (id, name, site_id, registrar, expires_at, is_primary, notes, is_deleted, created_at, updated_at) VALUES ('543b8b6f-4f47-4a69-adc5-d3540e1dbb0d', 'sapcc-vt.org', '52bedd7c-610e-41e9-9a65-175de33e6e6c', 'Cloudflare', NULL, true, NULL, false, '2025-12-23 22:29:44.754', '2025-12-23 22:29:44.754');
INSERT INTO public.domains (id, name, site_id, registrar, expires_at, is_primary, notes, is_deleted, created_at, updated_at) VALUES ('695fd5ce-c173-4ae3-a9b4-6b80da860a56', 'sataninchief.com', '23ce5054-fd7a-4158-a7b5-7087faa2ca3c', 'Cloudflare', NULL, true, NULL, false, '2025-12-23 22:29:44.758', '2025-12-23 22:29:44.758');
INSERT INTO public.domains (id, name, site_id, registrar, expires_at, is_primary, notes, is_deleted, created_at, updated_at) VALUES ('eae0a9cf-37d5-4f97-b4a1-c5a52892e999', 'sep-program.com', '3377ea0a-0484-4506-b33a-d3b63d344a62', 'Cloudflare', NULL, true, NULL, false, '2025-12-23 22:29:44.762', '2025-12-23 22:29:44.762');
INSERT INTO public.domains (id, name, site_id, registrar, expires_at, is_primary, notes, is_deleted, created_at, updated_at) VALUES ('42d965bc-ac52-4fa2-af10-62730fca3b49', 'sepvt.com', 'e5dba9dd-177b-426b-878d-65fe6de530b7', 'Cloudflare', NULL, true, NULL, false, '2025-12-23 22:29:44.765', '2025-12-23 22:29:44.765');
INSERT INTO public.domains (id, name, site_id, registrar, expires_at, is_primary, notes, is_deleted, created_at, updated_at) VALUES ('661ab080-d611-4898-b8bd-8fdf0ab48231', 'sportsenhancementforlife.com', '748db4ea-dc51-472a-a0e8-bc2237127ccc', 'Cloudflare', NULL, true, NULL, false, '2025-12-23 22:29:44.768', '2025-12-23 22:29:44.768');
INSERT INTO public.domains (id, name, site_id, registrar, expires_at, is_primary, notes, is_deleted, created_at, updated_at) VALUES ('909ccee7-0c1d-46c9-9297-7d061d762be1', 'springfieldonthemove.net', 'df0181ab-5d67-48fb-a7d6-33e6f8770f6d', 'Cloudflare', NULL, true, NULL, false, '2025-12-23 22:29:44.772', '2025-12-23 22:29:44.772');
INSERT INTO public.domains (id, name, site_id, registrar, expires_at, is_primary, notes, is_deleted, created_at, updated_at) VALUES ('31b1c82b-58f6-42a7-b8d0-914bc56e6473', 'thevermontstandard.com', 'c764e154-f605-44f1-8e8a-1b182a6a6a78', 'Cloudflare', NULL, true, NULL, false, '2025-12-23 22:29:44.776', '2025-12-23 22:29:44.776');
INSERT INTO public.domains (id, name, site_id, registrar, expires_at, is_primary, notes, is_deleted, created_at, updated_at) VALUES ('36dc2baf-f3cf-4931-851d-234273d2e6ca', 'uncle-jimmys.com', 'fdc211ab-0761-4fba-9812-1b324ac37f65', 'Cloudflare', NULL, true, NULL, false, '2025-12-23 22:29:44.78', '2025-12-23 22:29:44.78');
INSERT INTO public.domains (id, name, site_id, registrar, expires_at, is_primary, notes, is_deleted, created_at, updated_at) VALUES ('7b3b7626-ebc1-49b8-a59c-445a2a9e1622', 'vermonturns.com', '14767340-d8e3-451b-bbac-51d6fec53bab', 'Cloudflare', NULL, true, NULL, false, '2025-12-23 22:29:44.783', '2025-12-23 22:29:44.783');
INSERT INTO public.domains (id, name, site_id, registrar, expires_at, is_primary, notes, is_deleted, created_at, updated_at) VALUES ('2e1342b8-2eef-4a87-98d5-db0ec5a7b86a', 'vpccn.org', '3503a53f-f381-4f5a-87ab-a8eb7851c62a', 'Cloudflare', NULL, true, NULL, false, '2025-12-23 22:29:44.787', '2025-12-23 22:29:44.787');
INSERT INTO public.domains (id, name, site_id, registrar, expires_at, is_primary, notes, is_deleted, created_at, updated_at) VALUES ('daec9d8a-1a40-4615-a061-093e2114c97b', 'vtmutualaid.com', 'd8a95cf1-3f09-4b7e-b3dc-0f30863373f4', 'Cloudflare', NULL, true, NULL, false, '2025-12-23 22:29:44.791', '2025-12-23 22:29:44.791');
INSERT INTO public.domains (id, name, site_id, registrar, expires_at, is_primary, notes, is_deleted, created_at, updated_at) VALUES ('49cfdc2a-62b3-4eb5-b1b2-6bdba5cd6cef', 'vtparentchildcenternetwork.org', 'a69899c8-f48c-49a4-b46a-5ffbb103b0d6', 'Cloudflare', NULL, true, NULL, false, '2025-12-23 22:29:44.796', '2025-12-23 22:29:44.796');
INSERT INTO public.domains (id, name, site_id, registrar, expires_at, is_primary, notes, is_deleted, created_at, updated_at) VALUES ('384fae6a-3b7c-4f90-b680-82ad87ce57a8', 'whitespire.net', '33e19cc6-0b6e-4c44-a8a6-5159cdcab810', 'Cloudflare', NULL, true, NULL, false, '2025-12-23 22:29:44.8', '2025-12-23 22:29:44.8');
INSERT INTO public.domains (id, name, site_id, registrar, expires_at, is_primary, notes, is_deleted, created_at, updated_at) VALUES ('133fb069-602b-4ebc-bf82-69863ef04c75', 'whoismikedion.com', 'e4047fc1-6cf3-40c2-a771-8aa18c179233', 'Cloudflare', NULL, true, NULL, false, '2025-12-23 22:29:44.803', '2025-12-23 22:29:44.803');
INSERT INTO public.domains (id, name, site_id, registrar, expires_at, is_primary, notes, is_deleted, created_at, updated_at) VALUES ('1b2231e2-06d1-483e-9062-406264f7b528', 'wildbeautyfilm.com', '23e183cd-69da-42c4-a604-71d38821e819', 'Cloudflare', NULL, true, NULL, false, '2025-12-23 22:29:44.807', '2025-12-23 22:29:44.807');
INSERT INTO public.domains (id, name, site_id, registrar, expires_at, is_primary, notes, is_deleted, created_at, updated_at) VALUES ('b9a0ba27-366b-4f02-b484-80397dfa714a', 'wordworksforyou.org', '97b114a4-3717-4d21-bcd3-a0058c41a805', 'GoDaddy', NULL, true, NULL, false, '2025-12-23 22:29:44.812', '2025-12-23 22:29:44.812');
INSERT INTO public.domains (id, name, site_id, registrar, expires_at, is_primary, notes, is_deleted, created_at, updated_at) VALUES ('416c782b-733e-4874-9db1-ddbe8b8a4e66', 'bearridgebooks.com', '5aeba18f-616d-447a-9f88-fcd1ba1ea12c', 'WPMU Dev', NULL, true, NULL, false, '2025-12-23 22:29:44.817', '2025-12-23 22:29:44.817');
INSERT INTO public.domains (id, name, site_id, registrar, expires_at, is_primary, notes, is_deleted, created_at, updated_at) VALUES ('4839c2cc-fe77-4d58-bdc1-c872f99b13ed', 'jillscafe.net', '64cea1f1-80fa-43b3-8e92-396bda8028ca', 'Cloudflare', NULL, true, NULL, false, '2025-12-23 22:29:44.821', '2025-12-23 22:29:44.821');
INSERT INTO public.domains (id, name, site_id, registrar, expires_at, is_primary, notes, is_deleted, created_at, updated_at) VALUES ('4eed4cc7-5ede-4f59-851e-6372a93c3433', 'executiveassociatestitleotsego.com', '4a95a668-9c79-46c1-881c-d54ef9e68ac2', 'GoDaddy', NULL, true, NULL, false, '2025-12-23 22:29:44.827', '2025-12-23 22:29:44.827');
INSERT INTO public.domains (id, name, site_id, registrar, expires_at, is_primary, notes, is_deleted, created_at, updated_at) VALUES ('ac7ceb4c-e08b-4907-91ca-5c5b0fcaf347', 'meidlconcreteservices.com', 'b8952584-c93d-4132-905a-f4e3fa6a65ea', 'Cloudflare', '2025-04-27 04:00:00', true, NULL, false, '2025-12-23 22:29:44.832', '2025-12-23 22:29:44.832');
INSERT INTO public.domains (id, name, site_id, registrar, expires_at, is_primary, notes, is_deleted, created_at, updated_at) VALUES ('ba09754d-8589-45ec-898d-0146464ac68a', 'nerdherdpro.com', '92238b7e-2d1f-4dbb-a4fd-6949acf22f95', 'GoDaddy', NULL, true, NULL, false, '2025-12-23 22:29:44.836', '2025-12-23 22:29:44.836');
INSERT INTO public.domains (id, name, site_id, registrar, expires_at, is_primary, notes, is_deleted, created_at, updated_at) VALUES ('f289ecf2-87c4-408b-a78c-5a3a0ec3c3da', 'griswoldcontrols.com', 'f2a7ec65-c7ed-4e3c-aee0-df47cf330de4', 'Network Solutions', NULL, true, NULL, false, '2025-12-23 22:29:44.841', '2025-12-23 22:29:44.841');
INSERT INTO public.domains (id, name, site_id, registrar, expires_at, is_primary, notes, is_deleted, created_at, updated_at) VALUES ('c41fc38a-5ea9-4d3d-a795-9c01ba7287b2', 'hvacmarketingleaders.com', '66774153-316c-46d7-b99d-4abfc0ff5f13', 'Cloudflare', NULL, true, NULL, false, '2025-12-23 22:29:44.845', '2025-12-23 22:29:44.845');
INSERT INTO public.domains (id, name, site_id, registrar, expires_at, is_primary, notes, is_deleted, created_at, updated_at) VALUES ('f08fad4f-9f60-457e-bbc8-8a338e27747d', 'thermalnetics.com', '01a7714e-d2ec-49a8-af0e-ac5dd493dbc0', NULL, NULL, true, NULL, false, '2025-12-23 22:29:44.849', '2025-12-23 22:29:44.849');
INSERT INTO public.domains (id, name, site_id, registrar, expires_at, is_primary, notes, is_deleted, created_at, updated_at) VALUES ('92ab3d89-d06b-4004-a2d4-e578bdf8cebe', 'mntitlesolutions.com', 'ba75ac85-2261-4789-b17c-c87ca980b1b6', 'GoDaddy', NULL, true, NULL, false, '2025-12-23 22:29:44.851', '2025-12-23 22:29:44.851');
INSERT INTO public.domains (id, name, site_id, registrar, expires_at, is_primary, notes, is_deleted, created_at, updated_at) VALUES ('bd964cd5-3c18-469a-a652-0e3daad96c03', 'emporium.thevermontstandard.com', '28b29621-7892-41ac-bd67-14ac4f0d5559', 'Cloudflare', NULL, true, NULL, false, '2025-12-23 22:29:44.854', '2025-12-23 22:29:44.854');
INSERT INTO public.domains (id, name, site_id, registrar, expires_at, is_primary, notes, is_deleted, created_at, updated_at) VALUES ('60d1e079-fb88-4b9d-8c6b-ab9d33dadb65', 'wildbeautyfoundation.org', '5bbedb56-f8b3-418b-a0b8-259645fe1d52', 'GoDaddy', '2026-06-09 04:00:00', true, NULL, false, '2025-12-23 22:29:44.857', '2025-12-23 22:29:44.857');
INSERT INTO public.domains (id, name, site_id, registrar, expires_at, is_primary, notes, is_deleted, created_at, updated_at) VALUES ('635d061c-4cfb-46d3-a286-1dc0bdb6ce97', 'bethanybaptist.org', 'd24538f5-1d03-4913-9a98-7dd30f6340bd', 'Cloudflare', NULL, true, NULL, false, '2025-12-23 22:29:44.859', '2025-12-23 22:29:44.859');
INSERT INTO public.domains (id, name, site_id, registrar, expires_at, is_primary, notes, is_deleted, created_at, updated_at) VALUES ('736ed269-ac8b-4295-bd64-5c3b70f827ba', 'https://dash.cloudflare.com/837a694aa534ca841f0eb2a8fb59bf8a/knowingchristministries.org', '17b1559b-899a-453f-91aa-ce4a3ab8e4cc', 'Cloudflare', NULL, true, NULL, false, '2025-12-23 22:29:44.861', '2025-12-23 22:29:44.861');
INSERT INTO public.domains (id, name, site_id, registrar, expires_at, is_primary, notes, is_deleted, created_at, updated_at) VALUES ('a3629b88-68a3-45ce-ba69-93f0de3a95e9', 'globeleenergy.com', '5f36611b-91bd-4c8d-ac24-5c50c83e9e29', NULL, NULL, true, NULL, false, '2025-12-23 22:29:44.864', '2025-12-23 22:29:44.864');
INSERT INTO public.domains (id, name, site_id, registrar, expires_at, is_primary, notes, is_deleted, created_at, updated_at) VALUES ('48b9b99c-9a87-4c49-a666-4bf687fcffe7', 'vtparentchildnetwork.org', 'a69899c8-f48c-49a4-b46a-5ffbb103b0d6', 'Cloudflare', NULL, true, NULL, false, '2025-12-23 22:29:44.866', '2025-12-23 22:29:44.866');
INSERT INTO public.domains (id, name, site_id, registrar, expires_at, is_primary, notes, is_deleted, created_at, updated_at) VALUES ('7c6b6f56-5f52-4c4c-89da-cd96321f5ef1', 'http://vpccn.org/', 'a69899c8-f48c-49a4-b46a-5ffbb103b0d6', 'vpccn.org', NULL, true, NULL, false, '2025-12-23 22:29:44.868', '2025-12-23 22:29:44.868');
INSERT INTO public.domains (id, name, site_id, registrar, expires_at, is_primary, notes, is_deleted, created_at, updated_at) VALUES ('0cd506bc-0e8c-47ae-bc87-b4c3f43b2994', 'blackriveractionteam.org', '22544e9b-884d-413f-a0d8-66797d5cd37c', 'Cloudflare', '2026-07-22 04:00:00', true, NULL, false, '2025-12-23 22:29:44.872', '2025-12-23 22:29:44.872');
INSERT INTO public.domains (id, name, site_id, registrar, expires_at, is_primary, notes, is_deleted, created_at, updated_at) VALUES ('6e86effa-806f-4e7d-aca9-4fed80ad3e19', 'spritelees.tempurl.host', '87f22243-6d86-44a2-a1ec-6cf53e1d3aeb', NULL, NULL, true, NULL, false, '2025-12-23 22:29:44.876', '2025-12-23 22:29:44.876');
INSERT INTO public.domains (id, name, site_id, registrar, expires_at, is_primary, notes, is_deleted, created_at, updated_at) VALUES ('74c124f0-b646-4d51-994d-51243d0a8444', 'grokoftherok.tempurl.host', 'c5f5045a-a6ca-494e-a9ae-281f11e505b3', NULL, NULL, true, NULL, false, '2025-12-23 22:29:44.88', '2025-12-23 22:29:44.88');


--
-- Data for Name: functions; Type: TABLE DATA; Schema: public; Owner: -
--

INSERT INTO public.functions (id, name, primary_focus, sort_order, is_active, created_at, updated_at) VALUES ('c7bc6704-9e0f-409f-bb94-c32b64919c50', 'Director of Operations', NULL, 1, true, '2025-12-23 22:29:44.364', '2025-12-23 22:29:44.364');
INSERT INTO public.functions (id, name, primary_focus, sort_order, is_active, created_at, updated_at) VALUES ('7c58b1e0-f160-4a58-a6d6-35de50577579', 'Wordpress Tech I', NULL, 2, true, '2025-12-23 22:29:44.366', '2025-12-23 22:29:44.366');
INSERT INTO public.functions (id, name, primary_focus, sort_order, is_active, created_at, updated_at) VALUES ('2b85be01-df89-4396-90d8-fbafc0a9c86e', 'Wordpress Tech II', NULL, 3, true, '2025-12-23 22:29:44.367', '2025-12-23 22:29:44.367');
INSERT INTO public.functions (id, name, primary_focus, sort_order, is_active, created_at, updated_at) VALUES ('c7a94456-199e-42f7-9976-c69a284bf428', 'Wordpress Tech III', NULL, 4, true, '2025-12-23 22:29:44.368', '2025-12-23 22:29:44.368');
INSERT INTO public.functions (id, name, primary_focus, sort_order, is_active, created_at, updated_at) VALUES ('3934e185-8f6b-444d-937e-dde73bce9f48', 'Project Manager', 'Internal coordination, task flow, scope adherence, timeline execution', 5, true, '2025-12-23 22:29:44.37', '2025-12-23 22:29:44.37');
INSERT INTO public.functions (id, name, primary_focus, sort_order, is_active, created_at, updated_at) VALUES ('78dc7ab2-b921-4337-8a31-a5ecdb75803e', 'Network Admin', NULL, 6, true, '2025-12-23 22:29:44.371', '2025-12-23 22:29:44.371');
INSERT INTO public.functions (id, name, primary_focus, sort_order, is_active, created_at, updated_at) VALUES ('c52b7015-ff40-4ca0-852d-5d33e351f388', 'Developer I', NULL, 7, true, '2025-12-23 22:29:44.373', '2025-12-23 22:29:44.373');
INSERT INTO public.functions (id, name, primary_focus, sort_order, is_active, created_at, updated_at) VALUES ('fe9f831b-9bd4-495f-9c44-13bbb987a7ec', 'Developer II', NULL, 8, true, '2025-12-23 22:29:44.374', '2025-12-23 22:29:44.374');
INSERT INTO public.functions (id, name, primary_focus, sort_order, is_active, created_at, updated_at) VALUES ('ee1ba58b-a7a8-4c0a-ae7d-b42fdfd9133e', 'Developer III', NULL, 9, true, '2025-12-23 22:29:44.376', '2025-12-23 22:29:44.376');
INSERT INTO public.functions (id, name, primary_focus, sort_order, is_active, created_at, updated_at) VALUES ('d11b4994-b426-42d5-a75c-9c49b0f31a3a', 'Content Writer II', NULL, 10, true, '2025-12-23 22:29:44.377', '2025-12-23 22:29:44.377');
INSERT INTO public.functions (id, name, primary_focus, sort_order, is_active, created_at, updated_at) VALUES ('c3fac1d1-db05-4164-b5fc-a902954c9a64', 'Design II', NULL, 11, true, '2025-12-23 22:29:44.379', '2025-12-23 22:29:44.379');
INSERT INTO public.functions (id, name, primary_focus, sort_order, is_active, created_at, updated_at) VALUES ('d1244d6e-94b4-4d43-8421-02bacb215996', 'Design III', NULL, 12, true, '2025-12-23 22:29:44.381', '2025-12-23 22:29:44.381');
INSERT INTO public.functions (id, name, primary_focus, sort_order, is_active, created_at, updated_at) VALUES ('d200fd43-f0de-4c2a-ba25-d74c430d4b27', 'Design I', NULL, 13, true, '2025-12-23 22:29:44.382', '2025-12-23 22:29:44.382');
INSERT INTO public.functions (id, name, primary_focus, sort_order, is_active, created_at, updated_at) VALUES ('8eb68133-4faa-4897-ae86-6cb6a8c92a03', 'Customer Success Manager', NULL, 14, true, '2025-12-23 22:29:44.383', '2025-12-23 22:29:44.383');
INSERT INTO public.functions (id, name, primary_focus, sort_order, is_active, created_at, updated_at) VALUES ('ada69c9b-a8a1-4f45-94f3-dfb8b388d375', 'Accounts Receivable', NULL, 15, true, '2025-12-23 22:29:44.384', '2025-12-23 22:29:44.384');
INSERT INTO public.functions (id, name, primary_focus, sort_order, is_active, created_at, updated_at) VALUES ('83188af6-6cca-4d14-975b-f9f093530266', 'Social Media Manager', NULL, 16, true, '2025-12-23 22:29:44.386', '2025-12-23 22:29:44.386');


--
-- Data for Name: users; Type: TABLE DATA; Schema: public; Owner: -
--

INSERT INTO public.users (id, email, password_hash, name, role, avatar_url, is_active, last_login_at, created_at, updated_at) VALUES ('a40cab14-bd5c-40db-bcdc-0c782fa904ce', 'pm@indelible.agency', '$2b$10$lhoJl83zjC10qvF713qJpOq/kJlZNJFRSqbZLQuDeyOURTT1let2G', 'PM User', 'pm', NULL, true, '2025-12-23 20:00:47.713', '2025-12-23 19:56:44.938', '2025-12-23 20:00:47.714');
INSERT INTO public.users (id, email, password_hash, name, role, avatar_url, is_active, last_login_at, created_at, updated_at) VALUES ('4dd05a62-c2fb-47af-905a-3309bfe87eb2', 'tech@indelible.agency', '$2b$10$lhoJl83zjC10qvF713qJpOq/kJlZNJFRSqbZLQuDeyOURTT1let2G', 'Tech User', 'tech', NULL, true, '2025-12-23 21:01:04.422', '2025-12-23 19:56:44.941', '2025-12-23 21:01:04.424');
INSERT INTO public.users (id, email, password_hash, name, role, avatar_url, is_active, last_login_at, created_at, updated_at) VALUES ('c0e89bbb-ea31-45bc-9fa9-1583d60c2e40', 'admin@indelible.agency', '$2b$10$lhoJl83zjC10qvF713qJpOq/kJlZNJFRSqbZLQuDeyOURTT1let2G', 'Admin User', 'admin', NULL, true, '2025-12-23 22:24:25.576', '2025-12-23 19:56:44.932', '2025-12-23 22:24:25.577');


--
-- Data for Name: sessions; Type: TABLE DATA; Schema: public; Owner: -
--

INSERT INTO public.sessions (id, user_id, refresh_token, expires_at, created_at) VALUES ('38befd01-0907-4ec1-826e-1386dc9ba928', '4dd05a62-c2fb-47af-905a-3309bfe87eb2', 'eyJhbGciOiJIUzI1NiJ9.eyJ1c2VySWQiOiI0ZGQwNWE2Mi1jMmZiLTQ3YWYtOTA1YS0zMzA5YmZlODdlYjIiLCJlbWFpbCI6InRlY2hAaW5kZWxpYmxlLmFnZW5jeSIsInJvbGUiOiJ0ZWNoIiwiaWF0IjoxNzY2NTE5ODUyLCJleHAiOjE3NjcxMjQ2NTJ9.EJFZGLWIrgIRRsMqpQx_j1M2zpt75UtUQeLyBYW883g', '2025-12-30 19:57:32.481', '2025-12-23 19:57:32.482');
INSERT INTO public.sessions (id, user_id, refresh_token, expires_at, created_at) VALUES ('6b5b356e-cb3e-4710-9113-b9e7b636d526', '4dd05a62-c2fb-47af-905a-3309bfe87eb2', 'eyJhbGciOiJIUzI1NiJ9.eyJ1c2VySWQiOiI0ZGQwNWE2Mi1jMmZiLTQ3YWYtOTA1YS0zMzA5YmZlODdlYjIiLCJlbWFpbCI6InRlY2hAaW5kZWxpYmxlLmFnZW5jeSIsInJvbGUiOiJ0ZWNoIiwiaWF0IjoxNzY2NTIwMDYzLCJleHAiOjE3NjcxMjQ4NjN9.BrUi1kwn1E2_Vaegx1opuiGCJUDbuRemHrxwZHA7FiY', '2025-12-30 20:01:03.674', '2025-12-23 20:01:03.675');
INSERT INTO public.sessions (id, user_id, refresh_token, expires_at, created_at) VALUES ('6a4e89be-ee81-4c40-afdf-b3394146b54c', 'c0e89bbb-ea31-45bc-9fa9-1583d60c2e40', 'eyJhbGciOiJIUzI1NiJ9.eyJ1c2VySWQiOiJjMGU4OWJiYi1lYTMxLTQ1YmMtOWZhOS0xNTgzZDYwYzJlNDAiLCJlbWFpbCI6ImFkbWluQGluZGVsaWJsZS5hZ2VuY3kiLCJyb2xlIjoiYWRtaW4iLCJpYXQiOjE3NjY1MjA0NjEsImV4cCI6MTc2NzEyNTI2MX0.cLZkn10c1Ha1GDKr89MCVK-cEZq7oEuQfqWjnV_h2uA', '2025-12-30 20:07:41.575', '2025-12-23 20:07:41.576');
INSERT INTO public.sessions (id, user_id, refresh_token, expires_at, created_at) VALUES ('ca0e531c-d31b-49e2-97b5-835e4341501b', 'c0e89bbb-ea31-45bc-9fa9-1583d60c2e40', 'eyJhbGciOiJIUzI1NiJ9.eyJ1c2VySWQiOiJjMGU4OWJiYi1lYTMxLTQ1YmMtOWZhOS0xNTgzZDYwYzJlNDAiLCJlbWFpbCI6ImFkbWluQGluZGVsaWJsZS5hZ2VuY3kiLCJyb2xlIjoiYWRtaW4iLCJpYXQiOjE3NjY1MjEyMzksImV4cCI6MTc2NzEyNjAzOX0.zchlUhqmG8FNZ0oUGy6-S-S5cKozosoQWZnISpXCGQw', '2025-12-30 20:20:39.436', '2025-12-23 20:20:39.437');
INSERT INTO public.sessions (id, user_id, refresh_token, expires_at, created_at) VALUES ('54260d72-e758-4279-ab26-96688b88d3f5', '4dd05a62-c2fb-47af-905a-3309bfe87eb2', 'eyJhbGciOiJIUzI1NiJ9.eyJ1c2VySWQiOiI0ZGQwNWE2Mi1jMmZiLTQ3YWYtOTA1YS0zMzA5YmZlODdlYjIiLCJlbWFpbCI6InRlY2hAaW5kZWxpYmxlLmFnZW5jeSIsInJvbGUiOiJ0ZWNoIiwiaWF0IjoxNzY2NTIyNzYxLCJleHAiOjE3NjcxMjc1NjF9.sFERAEUoqktHIj-zYEZ31c7ETVSry19ozIfvxa4dh7o', '2025-12-30 20:46:01.364', '2025-12-23 20:46:01.365');
INSERT INTO public.sessions (id, user_id, refresh_token, expires_at, created_at) VALUES ('43c9cd37-6023-47ab-b291-a703c5c03bd9', '4dd05a62-c2fb-47af-905a-3309bfe87eb2', 'eyJhbGciOiJIUzI1NiJ9.eyJ1c2VySWQiOiI0ZGQwNWE2Mi1jMmZiLTQ3YWYtOTA1YS0zMzA5YmZlODdlYjIiLCJlbWFpbCI6InRlY2hAaW5kZWxpYmxlLmFnZW5jeSIsInJvbGUiOiJ0ZWNoIiwiaWF0IjoxNzY2NTIzMjQwLCJleHAiOjE3NjcxMjgwNDB9.58PM3eyuyhva_y1WvsYQh41bDxTpWkSVb9jOjGuGMU4', '2025-12-30 20:54:00.969', '2025-12-23 20:54:00.97');
INSERT INTO public.sessions (id, user_id, refresh_token, expires_at, created_at) VALUES ('5dd7a3fd-285f-4513-abad-4771a2a9f59d', '4dd05a62-c2fb-47af-905a-3309bfe87eb2', 'eyJhbGciOiJIUzI1NiJ9.eyJ1c2VySWQiOiI0ZGQwNWE2Mi1jMmZiLTQ3YWYtOTA1YS0zMzA5YmZlODdlYjIiLCJlbWFpbCI6InRlY2hAaW5kZWxpYmxlLmFnZW5jeSIsInJvbGUiOiJ0ZWNoIiwiaWF0IjoxNzY2NTIzNjY0LCJleHAiOjE3NjcxMjg0NjR9.Fv-pruZpKI17hChKnmj_0YLg7Vu7Ob9FnWnA0lFGsV4', '2025-12-30 21:01:04.414', '2025-12-23 21:01:04.415');
INSERT INTO public.sessions (id, user_id, refresh_token, expires_at, created_at) VALUES ('8b5634db-bf26-4eea-88ab-55d2e5e1cb09', 'c0e89bbb-ea31-45bc-9fa9-1583d60c2e40', 'eyJhbGciOiJIUzI1NiJ9.eyJ1c2VySWQiOiJjMGU4OWJiYi1lYTMxLTQ1YmMtOWZhOS0xNTgzZDYwYzJlNDAiLCJlbWFpbCI6ImFkbWluQGluZGVsaWJsZS5hZ2VuY3kiLCJyb2xlIjoiYWRtaW4iLCJpYXQiOjE3NjY1MjQyMDIsImV4cCI6MTc2NzEyOTAwMn0.MznVonlNhfJRmudAcxLja5oMEaPYcyiFcbTcwpYyaxU', '2025-12-30 21:10:02.939', '2025-12-23 21:10:02.94');
INSERT INTO public.sessions (id, user_id, refresh_token, expires_at, created_at) VALUES ('e2523020-987f-4872-b4b4-c45ed14d4f1a', 'c0e89bbb-ea31-45bc-9fa9-1583d60c2e40', 'eyJhbGciOiJIUzI1NiJ9.eyJ1c2VySWQiOiJjMGU4OWJiYi1lYTMxLTQ1YmMtOWZhOS0xNTgzZDYwYzJlNDAiLCJlbWFpbCI6ImFkbWluQGluZGVsaWJsZS5hZ2VuY3kiLCJyb2xlIjoiYWRtaW4iLCJpYXQiOjE3NjY1MjQyMTksImV4cCI6MTc2NzEyOTAxOX0.hEKud2AKomsSzWr0obs1NTM7q39_P6yE9aqKpfhXIno', '2025-12-30 21:10:19.368', '2025-12-23 21:10:19.369');
INSERT INTO public.sessions (id, user_id, refresh_token, expires_at, created_at) VALUES ('a1797ad9-1fc0-48d9-b313-4ed96904a43f', 'c0e89bbb-ea31-45bc-9fa9-1583d60c2e40', 'eyJhbGciOiJIUzI1NiJ9.eyJ1c2VySWQiOiJjMGU4OWJiYi1lYTMxLTQ1YmMtOWZhOS0xNTgzZDYwYzJlNDAiLCJlbWFpbCI6ImFkbWluQGluZGVsaWJsZS5hZ2VuY3kiLCJyb2xlIjoiYWRtaW4iLCJpYXQiOjE3NjY1Mjg2MDksImV4cCI6MTc2NzEzMzQwOX0.P_bUBH6ITenKwMKxyrCwtguler-DOlO4qhE-uf3eLYU', '2025-12-30 22:23:29.054', '2025-12-23 22:23:29.055');
INSERT INTO public.sessions (id, user_id, refresh_token, expires_at, created_at) VALUES ('7ac2bbd3-b210-4508-8e60-9d3b929dae80', 'c0e89bbb-ea31-45bc-9fa9-1583d60c2e40', 'eyJhbGciOiJIUzI1NiJ9.eyJ1c2VySWQiOiJjMGU4OWJiYi1lYTMxLTQ1YmMtOWZhOS0xNTgzZDYwYzJlNDAiLCJlbWFpbCI6ImFkbWluQGluZGVsaWJsZS5hZ2VuY3kiLCJyb2xlIjoiYWRtaW4iLCJpYXQiOjE3NjY1Mjg2NjUsImV4cCI6MTc2NzEzMzQ2NX0.SLFOyECtz0VEWIuwES6U8cSFKA4eTEx5x2g_64Tbj30', '2025-12-30 22:24:25.568', '2025-12-23 22:24:25.569');


--
-- Data for Name: tools; Type: TABLE DATA; Schema: public; Owner: -
--

INSERT INTO public.tools (id, name, category, url, description, license_key, is_active, created_at, updated_at) VALUES ('25875770-1b47-46e1-8f08-d594d9c9d230', 'Gravity Forms', 'Plugin', 'https://www.gravityforms.com/', 'Form Plugin', '', true, '2025-12-23 22:29:44.425', '2025-12-23 22:29:44.425');
INSERT INTO public.tools (id, name, category, url, description, license_key, is_active, created_at, updated_at) VALUES ('1e99d221-59d5-4ce8-902b-9be50046b9b0', 'Pro Theme', 'Theme', 'https://theme.co/', 'Premium WP Page builder', '', true, '2025-12-23 22:29:44.427', '2025-12-23 22:29:44.427');
INSERT INTO public.tools (id, name, category, url, description, license_key, is_active, created_at, updated_at) VALUES ('500f19fa-b4c3-47c3-b1b4-982ecdcb7a86', 'Maxmind', 'Service', 'maxmind.com', 'Used with Defender for lockout by location', '', true, '2025-12-23 22:29:44.428', '2025-12-23 22:29:44.428');
INSERT INTO public.tools (id, name, category, url, description, license_key, is_active, created_at, updated_at) VALUES ('b21274cf-4627-425b-a73a-41eeca7fbe89', 'WP Migrate DB Pro', 'Plugin', NULL, 'For migrating Wordpress sites', '', true, '2025-12-23 22:29:44.43', '2025-12-23 22:29:44.43');
INSERT INTO public.tools (id, name, category, url, description, license_key, is_active, created_at, updated_at) VALUES ('d0ef900a-3663-40c8-b882-0314a7474679', 'Advanced Custom Fields Pro', 'Plugin', 'https://www.advancedcustomfields.com/', 'Creates custom fields & post types', '', true, '2025-12-23 22:29:44.431', '2025-12-23 22:29:44.431');
INSERT INTO public.tools (id, name, category, url, description, license_key, is_active, created_at, updated_at) VALUES ('2afdffb6-ebe2-40d6-82cf-222df16bd40c', 'Ultimate Addons for Elementor', 'Plugin', 'https://store.brainstormforce.com/', NULL, '', true, '2025-12-23 22:29:44.432', '2025-12-23 22:29:44.432');
INSERT INTO public.tools (id, name, category, url, description, license_key, is_active, created_at, updated_at) VALUES ('f3d1e554-9dc9-4e41-a299-28be65ca50aa', 'Astra Pro', 'Plugin', 'https://store.brainstormforce.com/', NULL, '', true, '2025-12-23 22:29:44.433', '2025-12-23 22:29:44.433');
INSERT INTO public.tools (id, name, category, url, description, license_key, is_active, created_at, updated_at) VALUES ('6550a1e1-e088-4d5b-a08d-220c17366826', 'Schema Pro', 'Plugin', 'https://store.brainstormforce.com/', NULL, '', true, '2025-12-23 22:29:44.435', '2025-12-23 22:29:44.435');


--
-- Data for Name: user_preferences; Type: TABLE DATA; Schema: public; Owner: -
--



--
-- PostgreSQL database dump complete
--

\unrestrict ***REMOVED***

